BOURETTE	BOULETTE	1 
COMBARIEU	COMBATTRE	2 
GAHORS	CAHORS	1 
LXXXV	XXX	3 
BOURETTE)	BOULETTE)	1 
COMBARIEU	COMBATTRE	2 
LXXXV	XXX	3 
Bourette).	Boulette).	1 
evenue	devenue	1 
clasique.	classique.	1 
semé	semé	2 
avertisseents	avertissements	1 
dédaigna	dédaigna	1 
grisa,	gris,	1 
gagnepain	gagnerait	1 
Aubran,	Aubrac,	1 
plaisons	raisons	1 
fluxion	flexion	1 
tremens.	trement.	1 
Combarieu	Combattre	1 
ïambes	ïjambes	1 
blessaient	essaient	1 
vaccillaient,	accueillaient,	1 
Maratuech	Marrakech	1 
PRACY).	TRACY).	1 
Preface	Surface	1 
perceurs	parcours	1 
d’isthmes	d’isthme	1 
PREFACE	SURFACE	7 
Gringoire	Grimoire	1 
PREFACE	SURFACE	7 
Villons	Violons	1 
Régniers	Régnier	1 
ailé,	ailé,	1 
PREFACE	SURFACE	7 
déclamations	déclamations	1 
badinage	patinage	1 
Emerger	Merger	1 
impromptus	impromptus	1 
PREFACE	SURFACE	7 
rehaut	rehaut	1 
bravoura.	bravoure.	1 
PREFACE	SURFACE	7 
Erables	Rables	1 
usée.	usée.	1 
Epaule	Paule	2 
PREFACE	SURFACE	7 
PREFACE	SURFACE	7 
ondevine	devienne	1 
COMBARIEU.	COMBATTRE.	1 
soldai	soldat	1 
pars,	pars,	1 
bronzait	bronzage	1 
Gazir	Gazier	1 
lSOLL	cOLL	1 
Etend	Tend	1 
Messaouda,	Messaoud,	1 
Haïcks	Haïces	1 
levres	livres	1 
inexorables	inexorable	1 
fondrait	fondrait	1 
dattier	dattirer	1 
estafette	statuette	1 
epaule	paule	1 
Savonnettes	Savonnettes	1 
fourniments	fournissent	1 
desserre…	desserte…	1 
echappe	chappe	1 
Vivat	Vivant	1 
VEILLEE	VEILLE	1 
gaiete,	gaiet,	1 
Jupin	Juin	1 
flasque.	flaque.	1 
déshabillant	déshabillants	1 
l’empaqueter	l’empaqueter	1 
pauvrette	pauvret	1 
cantonnade.	cantonnade.	1 
baiserais	aimerais	1 
Ecris-moi	Cris-moi	1 
mam’zelle	mam’elle	1 
m’écriras	m’écrira	1 
lirais	dirais	1 
l’éprouve	l’éprouve	1 
flétrit	flétrit	1 
m’envoies	m’envoie	1 
eûmes	eûmes	1 
s’ebattre	s’battre	1 
decouragés,	encouragés,	1 
brûle,	brûle,	1 
haleines	baleines	1 
hyène	hyène	1 
Bouclons	Bouchons	1 
bandière	bandière	1 
da-fé	da-fé	1 
Riants	Rants	1 
franchissais	franchissait	1 
Gazir.	Gazier.	1 
pensers	penser	1 
VOGHERA	VOYAGER	1 
Voghera	Voyager	2 
d’entr'eux	d’entre'eux	1 
Bardes	Bardes	1 
jetteras,	jetteras,	1 
murmura	murmure	1 
pensive	fensive	1 
Ebranler	Branler	1 
luisait	lisait	1 
mugit,	mugit,	1 
hurlante	hurlant	1 
vibraient	vivraient	1 
Defilaient	Filaient	1 
repit	reprit	1 
ramures	ratures	1 
Relevez	Relever	1 
charmaient	charmaient	1 
Ecoutait	Coutait	1 
emoi,	moi,	1 
Meditait	Existait	1 
jappe.	nappe.	1 
palpitait	palpitant	1 
avouerai	avouera	1 
soin,	soin,	1 
guériras	guérira	1 
pleurez	pleurer	2 
Etroit	Troit	1 
demeurais	demeurait	1 
perdis	permis	1 
m’eût	m’eût	1 
J’ecoutais,	J’coutais,	1 
glaçait	glaçait	1 
pâlissez,	pâlaissez,	1 
l’écrasai	l’écrasa	1 
rapprochez-vous,	rapprocher-vous,	1 
Rapprochez	Rapprocher	1 
arrêtez	arrêtez	1 
furibond	moribond	1 
affluait	affluent	1 
Nîme,	Nîme,	2 
J’égrenais	J’éprenais	1 
passes	passes	1 
Nîme,	Nîme,	2 
sauverai-je	sauvera-je	1 
MEDAILLON	MAILLON	1 
FUNEBRE	FUNESTE	1 
retournai,	retourna,	1 
confiances	confiance	1 
s’épanchait	s’épanchant	1 
dormions	dormions	1 
Retrempe	Trempe	1 
L’osselet	L’oiselet	1 
s’émeuve,	s’éveuve,	1 
DESERTEUR	DESSERTE	1 
troup'roulante,	trop'roulante,	1 
ach'ter	ach'ter	1 
c’que	c’que	1 
frusques	fresques	1 
z'un	z'un	2 
politiq'	politis'	1 
z'un	z'un	2 
connaissanc’s	connaissance’s	1 
chaoux.	chaux.	1 
astiquer	pratique	1 
drôle	drôle	1 
n’attrapp'	n’attrape'	1 
adressez	adresse	1 
REVERIE	REVERSE	1 
vaguait	valuait	1 
cascadeuse,	cascades,	1 
Glissa	Glisse	1 
iriser.	triser.	1 
sabrez	sabre	1 
Etudes	Etudes	1 
d’ors	d’ors	1 
Licteurs,	Lecteurs,	1 
épais,	épais,	1 
souffletait	soufflait	1 
suinte	suite	1 
répandez	répondez	1 
vesprée,	vespaée,	1 
mignonnette,	marionnette,	1 
risette	disette	1 
consolez,	console,	1 
bluets,	blues,	1 
DELVILLE	DEVILLE	1 
ESC…	ESC…	1 
frileuses	frileuses	1 
MIGNONNETTE,	MARIONNETTE,	1 
allongez	allonger	1 
parfume…	parfum…	1 
enveloppons	enveloppes	1 
j’etreins	j’teintes	1 
ILLI	ALLI	1 
gaîté,	gaîté,	1 
FIANCEE	FIANCE	1 
coquets,	coques,	1 
chancelants,	chancelante,	1 
indolente,	insolente,	1 
souriront	pourront	1 
Eveille	Veille	1 
Philosophons,	Philosophes,	1 
parbleu	parole	1 
Fanfreluches	Fanfreluches	1 
Pinde	Inde	1 
l’eût	l’eût	1 
madrigal,	madril,	1 
ouvrer,	ouvre,	1 
constellent	conseillent	1 
serenade,	serena,	1 
altiers	aliers	1 
MANQUEE	MANQUE	1 
fleurira	fleurir	1 
troubla,	trouble,	1 
crayonne	craonne	1 
m’illusionne	m’illusion	1 
brises	prises	1 
couronna,	couronne,	1 
Eperdus,	Perdus,	1 
sourira	sourire	1 
pâlie,	pâlie,	1 
chastement	classement	1 
dictez	dicte	1 
cassolette,	cassette,	1 
rajeunirai	rajeunir	1 
ARMANTINE	ARGENTINE	1 
J’effeuille	J’feuilles	1 
effeuille	feuilles	1 
n’ayons	n’ayons	1 
N’ayons	N’ayons	1 
parfume,	parfum,	1 
d’effeuiller	d’effeuiller	1 
LEONIE	LEONE	1 
badins	bains	1 
gambades	gambades	1 
préviens	préviens	1 
répands	répandu	1 
chagrine,	chagrin,	1 
Liline,	Liliane,	1 
radieuses	radieuse	1 
Fremissant,	Florissant,	1 
STROPHETTE	TROMPETTE	1 
ceindrai	rendrait	1 
tords	bords	1 
Parbleu	Parole	1 
Etreinte	Treinte	1 
amorose)	morose)	1 
J’étreins	J’étrains	1 
Brisez-vous	Brise-vous	1 
couronna	couronne	1 
cliqueti.	cliquetis.	1 
sourdement	lourdement	1 
REFORMATEUR	FORMATEUR	1 
POETE	PORTE	1 
cahots	cahors	1 
ensommeillé	ensoleillé	1 
l’huis	l’huis	1 
élus	élus	1 
énervante	éservante	1 
N’as	N’as	1 
pâlissaient	pârissaient	1 
détruisis	détruisit	1 
Etreints	Entrent	1 
soulèveras	soulèvera	1 
broieras	troliers	1 
Epaule	Paule	2 
givre	givre	1 
bercerez	bergerie	1 
effleureront	effectueront	1 
Egarer	Garer	1 
begayaient	essayaient	1 
flétrira	flécrira	1 
séraphique,	ségraphique,	1 
Fleurissaient	Fleurissent	1 
pleurez	pleurer	2 
CIMETIERE	CIMENTIER	1 
entiere	entier	1 
J’entrai,	J’entra,	1 
rosee	rose	1 
effeuillée	endeuillée	1 
cassolette	cassette	1 
Troubla	Trouble	1 
baisais	faisais	1 
Jairus	Jamais	2 
pâmoison,	pâmaison,	1 
raniment	animent	1 
Jairus	Jamais	2 
Eperdu,	Perdu,	1 
s’etant	s’etant	1 
perlait	parlait	1 
déride	déride	1 
Valentré.	Valenté.	4 
grimpais,	grimpait,	1 
narguant	arguant	1 
Valentré.	Valenté.	4 
Valentré.	Valenté.	4 
Valentré.	Valenté.	4 
Valentré,	Valenté,	1 
clignotait.	clignotant.	1 
plaie	plaie	1 
filasse	classe	1 
troussant	trouvant	1 
Naïade	Naïade	1 
valsant	valant	1 
bayadère	bayardère	1 
broutillant	broutillant	1 
coulez	coule	1 
sottes.	sortes.	1 
manges	manger	1 
mugir	munir	1 
Irritez	Irrite	1 
s’étreint	s’étreint	1 
bondis	bondi	1 
donneras,	donnera,	1 
ruait	rait	1 
Bravez	Brave	1 
conjurez	conjurer	1 
Ressuscitez	Ressusciter	1 
Accours,	Accourus,	1 
Acharnons	Chansons	1 
hacher	hacher	1 
funebre	funeste	1 
gaîté.	gaîté.	1 
passiez	passez	1 
chérie,	chérie,	1 
naives,	naires,	1 
Voghera	Voyager	2 
Delville	Deville	1 
Illi	Alli	1 
Marlard	Marlard	1 
Armantine	Argentine	1 
Strophette	Trompette	1 
LXXXV	XXX	3 
DFLARD	DOLLAR	1 
Xe	Xe	1 
Jannet-Picard.	Janet-Picard.	1 
GARRISSON	GARRISON	1 
Gayetez,	Gazette,	1 
écu,	écu,	1 
Odes,	Odes,	1 
Tamizey	Tamines	1 
MARATUECH	MARRAKECH	1 
Jannet	Janet	2 
Jannet	Janet	2 
POUVIILON	POUVIONS	1 
Césette	Cécette	1 
POUVILION	POUVIONS	1 
clafliques	classiques	1 
dusecond	seconde	1 
Tchun-tfiou	Chun-tfiou	1 
Lild.	Lid.	1 
'\ij	'\ij	1 
K.VATI	K.MATI	1 
c’eft	c’est	39 
repréfente	repréfente	2 
diverfes	diverses	1 
Ainfi,	Ainsi,	3 
fignifîent	finiîent	1 
Vifdeîau,	Videîau,	1 
l’hiftoire	l’histoire	1 
règnes	règnes	1 
lefquelles	lesquelles	3 
gouvernoient	gouvernoient	1 
Tchun-tfiou,	Chun-tfiou,	1 
c’eft-à-dire	c’est-à-dire	2 
flétrifscnt,	flétrissent,	1 
repréfenté	représenté	1 
facesy	faces	1 
fujets,	sujets,	6 
l’enfeignoit	l’enseignait	1 
iijvj	cidiv	1 
fentences,	sentences,	1 
circonftances,	circonstances,	1 
foiblefse	faiblesse	2 
étoit,	étoit,	1 
exprimoieut	exprimoieut	1 
étoitle	étoile	1 
hiftorique	historique	1 
loates	coates	1 
infirmerions	infirmerions	1 
l’occafion	l’occasion	1 
nécefsairement	nécessairement	2 
devoit	devait	4 
néceflîté	néreflîté	3 
fuivre	suivre	23 
renfermoient.	renfermoient.	1 
C’efl:	C’el:	2 
lorfque	lorsque	11 
néceflîté	néreflîté	3 
connoifsance	connaissance	22 
profirent	profitent	1 
s’introduifent	s’introduisent	1 
adminiftrateurs	administrateurs	2 
plufieurs	plusieurs	3 
fieclcs,	fields,	1 
refpecl	respect	2 
foldats	soldats	1 
puifsance	puissance	5 
oppofer	opposer	1 
pallions	allions	2 
l’inftruclion	l’instruction	1 
fources	forces	1 
confervoit	conservait	1 
compofés	composés	1 
fymbolcs,	symboles,	1 
n’étoit	n’étoit	5 
poffible	possible	1 
donnafsent	donnaient	1 
dépendoit	dépendait	1 
l’obfervation	l’observation	2 
pouvoit	pouvoir	3 
l’impoflîbilité	l’implîbilité	1 
caufe	cause	3 
caufe	cause	3 
défolbient	défilaient	1 
efprits	esprits	5 
fagacké	baracké	1 
xij	xix	1 
nécefsaires	nécessaires	6 
liaifon	liaison	1 
fuivoient	suivirent	1 
hafard	hasard	1 
renfermoient	renfermoient	1 
efprits,	esprits,	2 
liaifon,	liaison,	1 
xiij	xiii	1 
fimplicité	simplicité	2 
afsez	assez	9 
fagacité	fagacité	4 
fubfîitoit	fbfîtoit	1 
rétablifsement	rétablissement	5 
£0"uvernement.	£0"gouvernement.	1 
s’emprefsa	s’empressa	1 
pofsédoit	possédoit	1 
rendoit	rendit	4 
fuccès	succès	3 
jufqu’à	jusqu’à	8 
fubiïltcr,	subiïlcr,	1 
beftiaux.	bestiaux.	1 
remplifsoit	remplissait	1 
fortit,	sortit,	2 
claffiques	classiques	1 
préfidence	présidence	1 
juftice,	justice,	1 
défintérefsement	déintéressement	1 
univerfellement	universellement	1 
miniftre	ministre	14 
pofseiïion,	posteïion,	1 
Chao-tching-mao	Chao-thing-mao	1 
caufoit	autorit	1 
défordre	déordre	3 
furprit	surprit	1 
cona	cons	1 
artificieufe,	artificielle,	1 
menfonges	mensonges	1 
faufseté,	fausseté,	3 
heureufe	heureuse	1 
plailance	plaisance	1 
srand	grand	1 
Chaoce	Chance	1 
tching-mao	thing-mao	1 
laifser	laisser	1 
courtifan	courtisan	1 
fubitement	subitement	1 
réfolut	résolut	1 
Hift.	Hit.	3 
préfent	présent	1 
préfent,	présent,	1 
fortit,	sortit,	2 
princefse	princesse	1 
époufe,	épouse,	2 
attendoit	attendait	1 
fpectacle.	spectacle.	1 
Confu«	Connu«	1 
n’avois	n’avoir	1 
jufqu’ici	jusqu’ici	3 
venta.«	vente.«	1 
plût	plût	1 
cornb	corne	1 
OBSIS	OASIS	1 
plaifir.	plaisir.	2 
afsez	assez	9 
difpofition	disposition	1 
priacipautéde	principautéde	1 
difciples.	disciples.	1 
inftruifoït	intrusionït	1 
préfident	président	1 
fabre	fabre	1 
portoit,	portait,	1 
paroître	paroître	1 
afsez	assez	9 
Tien,	Tien,	1 
miniftres	ministres	15 
confidéroit,	considérait,	1 
pafsé	pasé	1 
miniftres	ministres	15 
l’appellcr,	l’appeller,	1 
fentit	entit	1 
confacra	consacra	2 
difciples,	disciples,	3 
eompofa	composa	1 
Penfeigner	Enseigner	1 
Hilt.	Hill.	1 
xsj	xj	1 
perfuader	persuader	1 
propofoit	proposait	2 
d’amufer	d’amuser	1 
courtifans	courtisans	1 
fuperficiels,	superficiels,	1 
cmpire	empire	1 
l’expoiîtion	l’exposîtion	1 
fimplicité	simplicité	2 
acceffible	accessible	1 
vouloit	voulait	1 
pafsager	passager	1 
empe-	emp-	1 
Xxij	Xxie	1 
efptits	petits	1 
impreffion	impression	1 
l’cfprit	l’esprit	1 
favoit	favoit	1 
connoifsance	connaissance	22 
folide	solide	1 
fur-tout	fur-tout	1 
nécerfité	nécessité	1 
préfentant	présentant	1 
perfuader.	persuader.	1 
ftyle	style	1 
facrifîcr	actifsîcr	1 
précifion	précision	1 
pourroit	pourrait	1 
fouvenir.	souvenir.	2 
précicifion,	préincision,	1 
y'obfcrve-	y'observe-	1 
dirFufion	difFusion	1 
confufion	confusion	1 
préfenter	présenter	1 
fubtilité	subtilité	2 
expreflions	expressions	1 
fophe	forme	1 
amufer,	amuser,	1 
applaudifsements	applaudissements	1 
foixante	soixante	2 
doftrine	doctrine	1 
difciples,	disciples,	3 
apprisl’art	appris’art	1 
l’enfeigner,	l’enseigner,	1 
infpiré	inspiré	1 
cnfcignement,	confinement,	1 
zèle,	zèle,	3 
doctrinede	doctrine	1 
miniftres	ministres	15 
d’inftmétion	d’intétion	1 
néceflité	nécessité	1 
Chao-hoangti	Chao-hongrie	1 
dynaftie,	dynastie,	3 
illuPcres	illuStres	1 
Chao-hoangti,	Chao-hongrie,	1 
s’étoit	s’étoit	2 
fuccefseurs	successeurs	1 
rétablifsent	rétablissent	1 
inftituteurs	instituteurs	1 
doéleurs	doéleurs	1 
fujets.	sujets.	1 
conftruire	construire	1 
foixante	soixante	2 
difeiples	disciples	1 
auffitôt	suffitôt	5 
aujour«	aujourd«	1 
efprit,	esprit,	5 
invocc	incarc	1 
quent,fe	quent,fe	1 
fiege	fige	1 
l’ef(ij	l’ef(ij	1 
Hift.	Hit.	3 
foieries	foieries	1 
imce	ice	1 
falles	filles	3 
confacrées	consacrées	1 
afsurent	assurent	1 
Hift.	Hit.	3 
défordres	déordres	1 
pourfa	pourra	1 
facrés	sacrés	1 
repofe,	repose,	1 
dynaftic	dynastie	1 
dynaftic,	dynastie,	1 
xxxj	xxx	1 
philofophe,	philosophe,	1 
reconuoître	reconnaître	1 
difciple,	disciple,	1 
expofée	exposée	1 
difciples,	disciples,	3 
Tufie	Tudie	1 
sxxij	sixi	1 
d’obfcur,	d’obscur,	1 
enfeigne	enseigne	1 
plulîeurs	plusîeurs	1 
Not’lprocem.	Not’proche.	1 
fyftême	fftême	3 
fophie	sophie	1 
exifte	existe	3 
feroient	feraient	1 
s’étoient	s’étoient	1 
n’eft	n’est	24 
fyftême	fftême	3 
OBSERVATIOÏN-S.	OBSERVATIONÏN-S.	1 
fyfrême	ffrême	1 
imprilné	imprimé	1 
Amftcrdam	Amsterdam	1 
ainfî	infî	4 
peufé	peuté	1 
françoife	françoise	1 
seroit	serait	1 
perfonnes	personnes	5 
n’eftpas	n’etats	3 
XXXV	XXX	1 
-chiuoife.	-chinoise.	1 
Corifucius,	Confucius,	1 
Tfem-tfée.	Them-tfée.	1 
puifsance	puissance	5 
lerapport	rapport	1 
efsentiel	essentiel	1 
Ainfî,	Infî,	2 
rétablifsement	rétablissement	5 
c’eft-àdire	c’est-àdire	1 
rétablifsement	rétablissement	5 
raifon,	raison,	6 
raifon	raison	19 
conduifent	conduisent	2 
femblables,	semblables,	1 
philofophe	philosophe	2 
auflî-bien	aflî-bien	1 
Jufte	Juste	1 
Tsée-sée,	Tsée-sée,	1 
fuivre	suivre	23 
jufte	juste	33 
affeclé.	affecté.	1 
n’eft	n’est	24 
raifon	raison	19 
jufqu’à	jusqu’à	8 
redefeend	redescend	1 
conferve	conserve	3 
jufte	juste	33 
feiences,	sciences,	1 
eft,	eft,	2 
philofophe	philosophe	2 
C’eft	C’est	16 
penfent	pensent	1 
favants	savants	3 
c’eft	c’est	39 
Intorceta	Intercept	1 
TraduQion	TradiTion	1 
Jufie	Julie	1 
fcience	science	15 
raifonnable	raisonnable	4 
lorfqu’on	lorsqu’on	3 
Aij	Ais	1 
pallions	allions	2 
raifonnable	raisonnable	4 
c’eft	c’est	39 
rétablifsant	rétablissant	3 
furface	surface	3 
Lorfque	Lorsque	10 
afsez	assez	9 
parfes	parues	1 
inftructions	instructions	1 
rétablifsement	rétablissement	5 
raifonnable,	raisonnable,	11 
obftacles	obstacles	1 
déracinant	dérangeant	1 
c’eft:	c’est:	1 
à-peuprès	à-peuplès	1 
ainfl	infl	1 
n’étoit	n’étoit	5 
fali	mali	1 
lorfqu’on	lorsqu’on	3 
raifonnable,	raisonnable,	11 
cefser	cesser	3 
entreprife	entreprise	3 
c’eft	c’est	39 
ainfî	infî	4 
cefse,	cesse,	1 
maifon.	maison.	1 
foutenu	soutenu	3 
connoifsance,	connaissance,	3 
Lorfque	Lorsque	10 
diftinguer	distinguer	3 
conféquent	conféquent	2 
chofes	choses	14 
accefsoire	accessoire	1 
d’entreprife	d’entreprise	1 
fuivre	suivre	23 
s’expofer	s’exposer	1 
méprife	méprise	2 
voudroit	voudrait	1 
auroit	aurait	1 
leurame	lecture	1 
enfuite	ensuite	9 
entreprife	entreprise	3 
connoifsance	connaissance	22 
fuivirent,	suivirent,	1 
compofent,	composent,	1 
raifonnable,	raisonnable,	11 
régnerla	régnera	1 
maifon	maison	17 
maifon,	maison,	12 
pouvoient	pouvaient	1 
affermifsant	affermifsant	1 
raifonnement,	raisonnement,	1 
pxquît	piquît	1 
connoifsance	connaissance	22 
chofes,	choses,	5 
c’eft-à-dire	c’est-à-dire	2 
philofophie.	philosophie.	1 
Ainfi	Ainsi	12 
philofophie	philosophie	4 
bafe	base	3 
portoit	portait	3 
philofophie	philosophie	4 
connoifsance	connaissance	22 
connoifsance	connaissance	22 
dif-	dif-	1 
ccrnement	rendement	1 
déshonnêtc	déhonnêtc	1 
connoifsance	connaissance	22 
déshonnête,	déhonnête,	1 
connoifsance	connaissance	22 
connoifsance	connaissance	22 
naifsent	naissent	9 
philofophie	philosophie	4 
favoir	avoir	6 
nécefsaîrement	nécessaîrement	1 
nécefsairement	nécessairement	2 
connoifsance	connaissance	22 
maifon	maison	17 
maifon	maison	17 
établifsant	établissant	1 
caufer	causer	1 
l’établiffement	l’établissement	1 
c’eft	c’est	39 
vifiblement	visiblement	1 
philofophie	philosophie	4 
connoifsances	connaissances	3 
l’efprit,	l’esprit,	1 
naifsent	naissent	9 
difeipline	discipline	3 
produifent	produisent	2 
maifon,	maison,	12 
difeipline	discipline	3 
maifon	maison	17 
Ainfi,	Ainsi,	3 
depuisl’empereurjufqu’au	depuis’empereurjufqu’au	1 
fujets,	sujets,	6 
mauvaifes	mauvaises	3 
maifon,	maison,	12 
c’eft	c’est	39 
fortir	sortir	7 
defséché.	deséché.	1 
Lorfqu’après	Lorsqu’après	1 
entreprife	entreprise	3 
fuivre	suivre	23 
indiftinétement	finitionétement	2 
compofent	composent	1 
maifon,	maison,	12 
nfanguins,	sanguins,	1 
voifins,	voisins,	1 
maifon,	maison,	12 
pourroit-il	pourrait-il	1 
zèle,	zèle,	3 
nécefsaires	nécessaires	6 
maifon,	maison,	12 
voifms&	voies&	1 
OILA	VOILA	1 
fcience	science	15 
Tfun-tfée,	Fun-tfée,	1 
ily'ajointun	ily'adjoint	1 
tranfmis	transmis	2 
clafiîques.	claviîques.	1 
Tfun-tfée	Fun-tfée	2 
fcience	science	15 
lerenouvellement	renouvellement	1 
des’éleveràlaperfection	des’éleveràperfection	1 
néceffité	nécessité	3 
diftinguerl’accefsoire	distinguer’accessoire	1 
néceffité	nécessité	3 
ItJ	It	1 
chofes	choses	14 
lanéceflîté	lanéreflîté	1 
lanécerfité	lanéseraité	1 
maifon	maison	17 
nécefïïté	néceïïté	1 
maifon	maison	17 
éclaircifsements	éclaircissements	1 
fpéculations	fpéculations	1 
impoffible	impossible	1 
defquels	desquels	2 
plufieurs	plusieurs	3 
raifonnable	raisonnable	4 
LesfïlsdeVen-ven,	LesïdeviEnt-ven,	1 
illuftre	illustre	3 
raifonnable,	raisonnable,	11 
préferver	préserver	2 
pouvoit	pouvoir	3 
l’obfcurcir.	l’obscurcir.	1 
regardoit	regardait	1 
dynaftie,	dynastie,	3 
difent	disent	1 
enfuite	ensuite	9 
délirèrent	délibèrent	1 
Taiticn	Tition	1 
rétablifsement	rétablissement	5 
miniftre	ministre	14 
rcpréfentations	représentations	1 
s’expofoit	s’exploit	1 
infenfible.	insensible.	1 
miniftre,	ministre,	5 
n’eft	n’est	24 
mauvaifes	mauvaises	3 
fépulture	fépulture	1 
Tchin-tac	Chin-tac	1 
inflructions	instructions	1 
raifon,	raison,	6 
Cliun,	Clin,	2 
n’avoit	n’avoit	3 
Siang	Sang	1 
raifonnable,	raisonnable,	11 
lorfque	lorsque	11 
propoferent	proposeront	1 
Y-a-o.	Y-a-o.	1 
rétablifsant	rétablissant	3 
raifonnable,	raisonnable,	11 
difcrétion,	discrétion,	1 
avoient	avoient	7 
mauvaife	mauvaise	2 
reufe	reuse	1 
soimême,	soitême,	1 
Tchin-tang,	Chin-tang,	1 
lavoit	lavoir	1 
vifage	visage	1 
portoit	portait	3 
afsez	assez	9 
devoit	devait	4 
l’inltruc"t.ion,	l’intrus"t.ion,	1 
religieufes	religieuses	1 
inftruftions	instructions	1 
miniftres	ministres	15 
n’eft	n’est	24 
dupeupie	peuplier	1 
n’eft	n’est	24 
fuivit	suivit	1 
Venvam	Venant	6 
renouvella	renouvelle	2 
renouvella	renouvelle	2 
c’eft	c’est	39 
Clii-king	Clin-king	2 
jufqu’à	jusqu’à	8 
Hev-eié	Hev-eié	1 
foutient	soutient	2 
imK	imP	1 
croyoient	croyaient	1 
c’étoitdans	c’étitans	1 
troifîeme	troisîeme	1 
puifse	puisse	8 
diftrict	district	1 
ftades,	stades,	1 
efpace	espace	1 
conftamment	constamment	6 
paifible«	paisible«	1 
connoiisances	connaissances	1 
Clii-king	Clin-king	2 
favent	savent	1 
efearpés	enfermés	1 
oifeaux	oiseaux	3 
n’eft-il	n’est-il	2 
favoir	avoir	6 
préfentement	présentement	1 
jettez	jette	2 
Venvam	Venant	6 
fubli«	publi«	1 
fplen«	place«	1 
tendoit	tendait	2 
blcs	blocs	1 
perfeûion	perteûion	1 
loute	toute	1 
fuivez	suivez	1 
Venvam	Venant	6 
fouverain,	souverain,	2 
tendrefse	tendresse	6 
fujet,	sujet,	2 
fubordination	subordination	3 
refpeâpourle	refpeâpoule	1 
fouverain	souverain	11 
rofeaux	roseaux	1 
croifsent	croisent	2 
verducc	verdict	1 
C’eft	C’est	16 
l’attelier	l’atelier	1 
confidérez	considérez	2 
feie,	fie,	2 
enfuite	ensuite	9 
enfuite	ensuite	9 
l’émeril:	l’émeryl:	1 
fagacité	fagacité	4 
pofcc	proc	1 
Venvam	Venant	6 
feie,	fie,	2 
enfuite	ensuite	9 
fciences	sciences	2 
poe'te,	poe'te,	1 
cefsé	cesé	1 
nésrliçrence	néssliçrence	1 
diftraction,	diffraction,	1 
connoifsances	connaissances	3 
acquifes,	acquises,	1 
devoit	devait	4 
macc.nieres	acc.niers	1 
majefté	majesté	1 
répandoit	répandit	1 
perfonne,	personne,	2 
infpiroit	inspirait	1 
voyoient	voyaient	1 
conclufîon,	conclutîon,	1 
pof«	of«	1 
s’étoit	s’étoit	2 
raifonnable,	raisonnable,	11 
impreflion	impression	1 
refpeit	respect	1 
fouvenir.	souvenir.	2 
ilre	lire	1 
luftre	lustre	1 
enfevelies	ensevelies	1 
préfente	préfente	7 
efprits	esprits	5 
jufqu’ànous,	jusqu’ànous,	1 
perfonne,	personne,	2 
fuivi	suivi	4 
tranfmis	transmis	2 
d’enftignements	d’enseignements	1 
poftérité	postérité	1 
jouifsent	jouissent	1 
établifsements,	établissements,	1 
inftitutions	institutions	1 
iiluftres	illustres	1 
chofes	choses	14 
i'ac-	i'ac-	1 
cefsoire&leprincipal,	cessaire&principal,	1 
pourrois	pourrons	1 
c’eft	c’est	39 
foimême	foisême	1 
infpirer	inspirer	3 
fenttment	sentiment	1 
faufseté,	fausseté,	3 
n’ofcnt	n’ont	1 
lorfqu’un	lorsqu’un	2 
raifonnable,	raisonnable,	11 
fociales,	sociales,	1 
defquels	desquels	2 
improbation,	approbation,	1 
ofent	osent	1 
afpirer	aspirer	3 
confidération	considération	1 
bannifsent	bannifsent	1 
cceur	coeur	2 
naifsent	naissent	9 
C’eft	C’est	16 
l’accefsoire	l’accessoire	1 
jurifprudence	jurisprudence	1 
juftice	justice	4 
Tfun-tfée	Fun-tfée	2 
expliquoit	expliquait	1 
connoifsance	connaissance	22 
chofes.	choses.	2 
fubftituées	substituées	1 
paroifsent	produisent	2 
l’efprit.	l’esprit.	1 
difpofitions	dispositions	1 
fuffit	suffit	1 
méprifes	méprises	1 
illufions	illusions	1 
déguifement	déguisement	1 
l’impofiure	l’imposture	1 
ainli	ainsi	1 
fatisfaétion	faisantétion	1 
faufseté	fausseté	2 
GKAND’Ê	GRAND’Ê	1 
SCrtNCl,	SCruTIn,	1 
n’eft	n’est	24 
folitude	solitude	1 
déguifement,	déguisement,	1 
diflîmulation,	diffîmulation,	1 
fincéritélaplus	fincéritélapsus	1 
préfomptueux	présomptueux	1 
qu’infenfés	qu’infectés	1 
lorfqu’ils	lorsqu’ils	3 
feuls	seuls	1 
agifsent	agissent	1 
refufent	refusent	3 
phyfionomie	physionomie	1 
refsources,	ressources,	1 
affeftionde	affectionne	1 
expreffions.	expressions.	1 
chofes,	choses,	5 
efsence,	essence,	1 
liaifons,	liaisons,	1 
faufses	fausses	1 
lefquelles	lesquelles	3 
puifse	puisse	8 
manifefte	manifeste	2 
obfervent.	observent.	1 
puifque	puisque	2 
femble,	semble,	1 
s’obferver	s’observer	1 
fourds	lourds	1 
Ainfi.auffitêt	Ainsi.suffitêt	1 
l’expreffion	l’expression	1 
maifon,	maison,	12 
averfion	aversion	1 
Ainli	Ainsi	1 
chofe	chose	4 
l’averfion	l’aversion	1 
lorfque	lorsque	11 
triftefse,	tristesse,	1 
impofent	imposent	1 
laraifon,	paration,	1 
abfolument	absolument	2 
ufagelégitime,	usageégitime,	1 
conferver	conserver	6 
repréfenter	représenter	1 
LAGRANDE	LAGRANGE	1 
ainfi,	ainsi,	2 
paflîons	paulîons	1 
Lorfque	Lorsque	10 
domter	douter	2 
défordre	déordre	3 
l’organifation	l’organisation	1 
difeerne	difeerne	2 
Eij	Ei	1 
fondrions	fonctions	1 
maifon,	maison,	12 
lorfque	lorsque	11 
Lorfqu’un	Lorsqu’un	2 
maifon	maison	17 
difcipline	discipline	1 
fignifie	signifie	1 
domeftique	domestique	1 
fuggeftions	suggestions	1 
fentimcnts	sentiments	1 
raifon,	raison,	6 
refpecl:	respect:	1 
commifération	commisération	2 
afsuré,	assuré,	1 
raifonnable,	raisonnable,	11 
chofe	chose	4 
mauvaife,	mauvaise,	1 
méprifable	méprisable	1 
perfonneneconnoîtles	perfonneneconnoîtles	1 
hait.	hait.	1 
configné	confiné	1 
richefse	richesse	1 
tendrefse	tendresse	6 
royau«	royal«	1 
maifon	maison	17 
difeipline	discipline	3 
domeftique,	domestique,	2 
maifon	maison	17 
SCÎÏNCÏ.	SCÎÏNCÏ.	1 
duite&parfon	duite&pardon	1 
maifon	maison	17 
fortir	sortir	7 
n’eft:	n’est:	1 
fouverain	souverain	11 
perede	perde	1 
maifon	maison	17 
fujets	sujets	7 
fouverain	souverain	11 
l’obéifsance,	l’obéissance,	1 
magiftrats	magistrats	1 
refpeiït	reprisït	1 
SCIÎNCI,	SCIÎCI,	1 
Jeurs	Leurs	1 
fouverain	souverain	11 
fujets,	sujets,	6 
tendreffe,	tendresse,	1 
follicitude	sollicitude	1 
préferver	préserver	2 
befoins	besoins	2 
refufe	refuse	1 
pourrok	pourra	1 
tendrefse	tendresse	6 
n’eftpas	n’etats	3 
l’exiftence	l’existence	1 
puifsante	puissante	1 
aulfitôt	auraitôt	1 
nécefsairement.	nécessairement.	1 
Ainfi,	Ainsi,	3 
l’exemplede	l’exemple	1 
naifsent	naissent	9 
fentiments,	sentiments,	1 
pafser	passer	2 
[es	[es	1 
poifon	poison	1 
l’injuiHce,	l’injusTice,	1 
difsolution,	dissolution,	1 
caufe,	cause,	1 
c’eft	c’est	39 
difant	disant	3 
fauver.	sauver.	1 
avoient	avoient	7 
tendrefse	tendresse	6 
injuftes	injustes	2 
défordre	déordre	3 
caufé	saufé	1 
renverfa	renverfa	1 
C’eft	C’est	16 
infpirer	inspirer	3 
bienfaifance	bienfaisance	1 
n’eft.	n’est.	1 
Ainfî,	Infî,	2 
lorfqu’unprincefageveut	lorsqu’unprincefageveut	1 
fujets	sujets	7 
prefcrire,	prescrire,	1 
profcrire	proscrire	1 
fiXANDE	irLANDE	1 
l’obéifsance	l’obéissance	1 
fujets,	sujets,	6 
lorfqu’ilcommandera	lorsqu’ilcommandera	1 
refufe.	refuse.	1 
c’eft	c’est	39 
adminiftration	administration	3 
maifon	maison	17 
maifon,	maison,	12 
puifsant	puissant	1 
couce	coupe	1 
bellie	belle	1 
deftie,	petite,	1 
fembk	femme	1 
maifon	maison	17 
maifon	maison	17 
l’impreffion	l’impression	1 
infpire	inspire	3 
refsembler	ressembler	1 
ainfi:	ainsi:	1 
offroit	offrait	1 
maifon	maison	17 
maifon,	maison,	12 
infpirer	inspirer	3 
fag-e:	nag-e:	1 
illuftre	illustre	3 
affabilité	affaiblité	1 
qua«	qua«	1 
fujets	sujets	7 
tendrefse	tendresse	6 
s’emprefsera	s’empressera	1 
c’eft	c’est	39 
maifon,	maison,	12 
paroifse	paroisse	1 
domeftiques.	domestiques.	1 
adminiftration	administration	3 
ïiij	ïii	1 
toutl’emcc	tout’emc	1 
l’inférieur	l’inférieur	1 
fupérieurs,	supérieurs,	1 
avuTitôt	avaItôt	1 
JLA	JLA	2 
connoifsant	connaissant	1 
auffitôt	suffitôt	5 
inftruit	instruit	1 
commifération	commisération	2 
fenfîbilité	fenîbilité	1 
ill’apour	ill’pour	1 
maifon	maison	17 
fujets	sujets	7 
Lorfqu’uiie	Lorsqu’unie	1 
ref-	ref-	1 
femblent,	semblent,	1 
efprit,	esprit,	5 
naifsent	naissent	9 
L’artifte	L’artiste	1 
mefure	mesure	2 
mefure	mesure	2 
efprits	esprits	5 
Fefprit	Esprit	1 
fervir	servir	1 
fupérieur,	supérieur,	1 
fuivroit	suivront	1 
verroit	verront	1 
inftruments	instruments	1 
deftinés	destinés	1 
fècc	fècc	1 
fafsent	fassent	1 
tendrefse	tendresse	6 
affeétions	affétions	1 
mefurer	mesurer	2 
efprits.	esprits.	3 
n’efl:	n’el:	1 
efprits	esprits	5 
miniivre	ministre	1 
ifsu	issu	1 
l’illuitre	l’illustre	1 
efprits.	esprits.	3 
hérifsées,	hérifsées,	1 
incc	inc	1 
fpecîateur.	flecîateur.	1 
fuperbe	superbe	1 
SCIENCÏ.	SCIENCEÏ.	1 
l’appcrçoit	l’apprçoit	1 
taifent,	taient,	1 
lorfqu’ils	lorsqu’ils	3 
jultes	jules	1 
irritera	irriter	1 
efprits	esprits	5 
puilsance	puissance	1 
abfolue	absolue	2 
empe«	emp«	1 
dynaftie	dynastie	7 
fuiet	fuite	1 
infpirations	inspirations	1 
raifon,	raison,	6 
toient,	toient,	1 
lorfque	lorsque	11 
deCcendants	deScendants	1 
raiCon	raiSon	1 
devince	devance	1 
peuce	puce	2 
srardez-vous	gardez-vous	1 
former.exaftement	former.exactement	1 
fuprême	suprême	1 
renverfe	renverse	1 
exprefsément,	expressément,	1 
l’hiftoire,	l’histoire,	1 
raifonnable,	raisonnable,	11 
raifonnable,	raisonnable,	11 
heureufement	heureusement	1 
profpérité	prospérité	1 
confervation	conservation	2 
c’eft	c’est	39 
poun	pour	1 
fecondaire,	secondaire,	2 
fortent	portent	1 
eftime	estime	3 
n’eft	n’est	24 
fecondaire,	secondaire,	2 
ainfî	infî	4 
fujets	sujets	7 
l’injuftice	l’injustice	1 
Ainfî	Infî	4 
amafser	amasser	1 
richefses	richesses	10 
l’efpric	l’esprit	1 
richefses	richesses	10 
amafsant	amassant	1 
richefses,	richesses,	5 
richefses	richesses	10 
fujets,	sujets,	6 
richeffes.	richesses.	1 
Venvam	Venant	6 
feul.	seul.	2 
lignifie	lignifie	1 
richefses	richesses	10 
au-defsus	au-dessus	2 
richefses.	richesses.	2 
miniftxe	ministre	1 
ambafsade	ambassade	1 
Kanfi,	Kanji,	1 
deTfou.	reTour.	1 
l’ambafsadeur,	l’ambassadeur,	1 
n’eftimons	n’estimons	1 
Kanfi	Kanji	1 
tendoit	tendait	2 
fortit	sortit	1 
plufieurs	plusieurs	3 
SO'	SO'	1 
venoir	venir	1 
confeilla,	conseilla,	1 
prefsa	prefsa	1 
reconnoître	reconnaître	1 
fouverain	souverain	11 
naiffance	naissance	1 
rejetfa	rejeta	1 
confeils,	conseils,	1 
difant	disant	3 
fe"	fe"	1 
feeptres	fectures	1 
effetj	effet	1 
défolatidn	déflation	1 
richefses.	richesses.	2 
lefquels	lesquels	2 
miniftre	ministre	14 
propofe	propose	2 
miniftre	ministre	14 
Mongkong	Hongkong	1 
propofoit	proposait	2 
choifir,	choisir,	1 
Tcin,	Cin,	1 
confeil	conseil	1 
miniftre,	ministre,	5 
Suppofons,	Supposons,	2 
miniftre	ministre	14 
XA	XA	1 
G1AKD1	G1AND1	1 
reconnoît,	reconnaît,	1 
fiens	liens	1 
miniftre	ministre	14 
propofer	proposer	2 
conferver	conserver	6 
Suppofons,	Supposons,	2 
miniftre	ministre	14 
defseins,	desseins,	2 
choifira	choisira	1 
propofera	proposera	1 
remce	rence	1 
foutecc	foutre	1 
femblable	semblable	4 
miniftre.	ministre.	1 
choifir	choisir	2 
confeillers	conseillers	1 
iliftre	litres	1 
peftes	pertes	2 
peftes	pertes	2 
perverfité	perverfité	1 
fociété	société	4 
c’eft	c’est	39 
difant	disant	3 
ufte	fute	2 
haïr.	haïr.	1 
l’élevé	l’élevé	1 
l’y	l’y	1 
méprife.	méprise.	1 
conferve	conserve	3 
auelquc	quelque	1 
eftime	estime	3 
defïre	defïre	1 
c’eft	c’est	39 
infensés	insensés	2 
infensés	insensés	2 
c’eft	c’est	39 
fimples	simples	3 
raifon,	raison,	6 
fcntiments	sentiments	1 
juftice	justice	4 
fouverain	souverain	11 
adit	dit	1 
jufqu’ici	jusqu’ici	3 
exifte	existe	3 
mefurer	mesurer	2 
Jeur	Leur	1 
lorfque	lorsque	11 
defire	desire	2 
fuivre	suivre	23 
raifon	raison	19 
auflîtôt	aflîtôt	1 
diffipation	diffamation	1 
méprifcr	mépartir	1 
richefses	richesses	10 
foutenir	soutenir	1 
maifon,	maison,	12 
dépenfes	dépenses	1 
l’adminiftration	l’administration	3 
fouverain	souverain	11 
fimple,	simple,	2 
fuivantes.	suivantes.	1 
fouverain	souverain	11 
produifent	produisent	2 
richefses	richesses	10 
lesH	lesH	1 
difpenfent	dispensent	1 
fouverain,	souverain,	2 
propofe	propose	2 
fecours	recours	4 
richefses	richesses	10 
méprife	méprise	2 
ricbefses	richesses	1 
richefses	richesses	10 
zélé	zélé	1 
confervation	conservation	2 
confcience	conscience	1 
Hien-	Bien-	1 
miniftre	ministre	14 
miniftre	ministre	14 
fouverain	souverain	11 
SCIENCI…	SCIENCE…	1 
fruf-	ruf-	1 
miniftres	ministres	15 
confidéra-	considéra-	1 
pafteurs.	pasteurs.	1 
miniftres	ministres	15 
peuce	puce	2 
fournifsent	fournissent	1 
SCJENCE.	SCIENCE.	1 
parcequ’unbon	parcequ’union	1 
exacteurs	acteurs	1 
miaiftre	ministre	1 
prouvoit	prouvait	1 
n’eft	n’est	24 
confeillés	conseillés	1 
perfu.adent	perdu.dent	1 
fafte	faite	2 
foutenir.	soutenir.	1 
fijamais.il	jamais.il	1 
confifter	confirmer	4 
groffir	offrir	1 
aigriront	partiront	1 
defcendre	descendre	1 
fortir	sortir	7 
falut	faut	1 
LR^MffiL-IEU	LR^AffiL-PEU	1 
JLA	JLA	2 
inftant	instant	1 
fortirde	floride	1 
pouvoit	pouvoir	3 
fortir	sortir	7 
deftination,.	destination,.	1 
seroir	servir	1 
fuivre	suivre	23 
deftination.	destination.	1 
fenfibles	sensibles	3 
environné,	environné,	1 
foigneufement	soigneusement	2 
fubtiis	utilis	1 
fenfibles	sensibles	3 
c’eft	c’est	39 
mouve-.	moule-.	1 
riende	rience	2 
vifible	visible	1 
riende	rience	2 
fubtil.	subtil.	1 
fecretes	recettes	2 
naifsance,	naissance,	1 
infenfibles	insensibles	1 
fuivre,	suivre,	3 
Iiij	Iii	1 
effc	effac	1 
domter	douter	2 
trift’efse	drift’esse	1 
paffions	passions	1 
jufte	juste	33 
raifon.	raison.	5 
Lorfqu’elles	Lorsqu’elles	1 
fortir	sortir	7 
fon-	fon-	2 
jufte	juste	33 
IOJ	ION	2 
raifon	raison	19 
raifonnable.	raisonnable.	3 
conftitue	constitue	2 
aclion	action	1 
afsuré	assuré	2 
puifque	puisque	2 
raifonnable.	raisonnable.	3 
conferver	conserver	6 
raifon	raison	19 
fortir	sortir	7 
C’eft	C’est	16 
chofe	chose	4 
c’eft	c’est	39 
croifsent	croisent	2 
filence	silence	3 
chofes	choses	14 
jufte	juste	33 
l’infensé	l’insensé	3 
IOJ	ION	2 
fuivre	suivre	23 
jufte	juste	33 
preferit	prescrit	3 
raifon.	raison.	5 
L’infensé,	L’insensé,	2 
fecrets	secrets	2 
del’honncteté	del’connecteé	1 
I06	I06	1 
jufte	juste	33 
eft-il	et-il	1 
raifon	raison	19 
favants	savants	3 
philo&phes,	philo&ches,	1 
s’eftiment	s’estiment	1 
afsez	assez	9 
perfonnes	personnes	5 
connoif-	conomie-	1 
raifon	raison	19 
fagacité	fagacité	4 
fimples	simples	3 
connoître.	connoître.	1 
Ainfi	Ainsi	12 
préfente	préfente	7 
d’inftant	d’instant	1 
d’ufage,	d’usage,	1 
perfonhe	personne	1 
réfléchifse	réfléchisse	1 
Ainfi	Ainsi	12 
connoifsent	connaissent	1 
afsez	assez	9 
boiffon	bouffon	1 
difeerner	discerner	1 
feul.	seul.	2 
conftamment	constamment	6 
jufte	juste	33 
jufte	juste	33 
fuivie	suivie	1 
conftamment	constamment	6 
Jettez	Jette	1 
poflîble	polîble	1 
jufte	juste	33 
fuivre	suivre	23 
conftamment.	constamment.	1 
aimoit	aimait	1 
confulter,	consulter,	1 
confeils	conseils	3 
fubtils	subtils	1 
difcours	discours	2 
raifonnements	raisonnements	1 
filence	silence	3 
appercevoit	apercevoir	1 
confeils	conseils	3 
voyoit	voyait	1 
confeils	conseils	3 
paroifsent	produisent	2 
raifons	raisons	1 
examinoit	examinait	1 
enfuite	ensuite	9 
pefoit	point	1 
réduifoit	réduisait	1 
jufte	juste	33 
régloit,	réglait,	1 
MllIB.U,	Lib.U,	1 
Examinez	Examiner	1 
n’eft	n’est	24 
iîecles.	iîelles.	1 
fubîime	futîime	1 
efsayez	essayez	1 
diftingue	distingue	2 
nuifible,	nuisible,	1 
auffitôt	suffitôt	5 
connoifsances,	connaissances,	2 
femblables	semblables	3 
oifeaux	oiseaux	3 
pafsages,	passages,	1 
pourfuivre	poursuivre	1 
faufse	fausse	2 
puifse	puisse	8 
lorfqu’elle	lorsqu’elle	1 
préfente	préfente	7 
jufte	juste	33 
afsez	assez	9 
fagacité,	fagacité,	2 
Kij	Kin	1 
fuivre.	suivre.	3 
jufte	juste	33 
réfolu	résolu	1 
fuivre,	suivre,	3 
auffitôt	suffitôt	5 
réfolutions.	résolutions.	1 
légers,aveugles,préfomptueux,	légers,aveugles,présomptueux,	1 
cherchoit	cherchait	1 
chofes,	choses,	5 
poflîble,	polîble,	1 
jufte	juste	33 
attachoit,	attachait,	1 
l’ouJblier	l’ouBlier	1 
IIJ	II	2 
n’eft	n’est	24 
méprifent	méprisent	1 
richefses,	richesses,	5 
refufent	refusent	3 
diftinguer	distinguer	3 
ufte	fute	2 
fuivre	suivre	23 
conitamment	constamment	1 
Tfu-lu,	Tu-lu,	1 
eftimoit	estimait	1 
perfuadé	persuadé	1 
c’étoit	c’étoit	2 
rendoit	rendit	4 
feftateurs	sentateurs	1 
jufte	juste	33 
demandoit	demandait	1 
C’onfucius	C’confucius	1 
c’étoit	c’étoit	2 
l’ame.	l’ame.	1 
favoir,	avoir,	3 
c’eft	c’est	39 
difxiples&	disciples&	1 
delafàgefse	delayàgefse	1 
l’efsence	l’essence	1 
abfolument	absolument	2 
confifter	confirmer	4 
fupporter	supporter	1 
outrages	outrages	1 
injuftes	injustes	2 
IIJ	II	2 
longanimité	lunanimité	1 
raifon,	raison,	6 
foible	faible	2 
afpirer	aspirer	3 
fagefse.	fameuse.	3 
confifter	confirmer	4 
auffi	suffi	3 
asn’éableo	asn’éable	1 
cuirafse	cuirasse	1 
triftefse	tristesse	1 
robuftes	robustes	1 
eftiment	estiment	1 
naifsent	naissent	9 
fang,	fang,	1 
raifon	raison	19 
caufe	cause	3 
fagefse.	fameuse.	3 
Ainfi	Ainsi	12 
conflfter	consulter	1 
fociété	société	4 
perverfe,	perverfe,	1 
julte	juste	1 
conftamment	constamment	6 
lorfqu’on	lorsqu’on	3 
modeftie	modestie	1 
conferver	conserver	6 
confufîon	confusîon	1 
caraâeresqui	caraâpresque	1 
confrituent	constituent	1 
fagefse.	fameuse.	3 
perfonnes	personnes	5 
jufte	juste	33 
confifter	confirmer	4 
chofes	choses	14 
aflions	allions	1 
faufse	fausse	2 
impofe	impose	1 
poftérité.	postérité.	1 
favoir	avoir	6 
jufte	juste	33 
prefcrit	prescrit	3 
favoir,	avoir,	3 
jufte	juste	33 
fuivi,	suivi,	1 
courfe,	course,	1 
Ainfi	Ainsi	12 
conftamment	constamment	6 
JUSTS	JUSTE	1 
fîecle,	fîelle,	1 
n’eft	n’est	24 
fcience	science	15 
confommée	consommée	2 
afpirer	aspirer	3 
fcience	science	15 
jufte	juste	33 
immenfe	immense	1 
ufage	usage	2 
fecrets	secrets	2 
Ainfî	Infî	4 
puifsent,	puissent,	1 
dodrine	dodrine	1 
jufte	juste	33 
embrafsertoutl’enfemble.	embrafsertoutl’ensemble.	1 
jufte	juste	33 
connoifsance	connaissance	22 
parefseux,	paresseux,	1 
acTome	atOme	1 
fuivre	suivre	23 
obfcrver	observer	1 
prefcrit	prescrit	3 
prefcrit	prescrit	3 
fuivre	suivre	23 
jufte	juste	33 
afsez	assez	9 
vafte	vaste	5 
grandcur	grandeur	1 
fubtilité	subtilité	2 
divifer.	diviser.	1 
raifonnables	raisonnables	1 
fuivre	suivre	23 
preferit	prescrit	3 
jufqu’à	jusqu’à	8 
jufte	juste	33 
defcend	descend	1 
fimple,	simple,	2 
bafses	bases	1 
jufte	juste	33 
connoifsance	connaissance	22 
n’eft	n’est	24 
puifqu’elle	puisqu’elle	1 
Ilf	Il	1 
fuivre	suivre	23 
jufte	juste	33 
vife	vie	1 
Lorfque	Lorsque	10 
enfuite	ensuite	9 
caraétere	caraétre	1 
pourdiriger,former&perfeclionner	pourdiriger,former&perfectionner	1 
diftinctement	diftinctement	1 
befoins,	besoins,	2 
qu’ilareçusde	qu’clareçusd	1 
n’eft	n’est	24 
jufte	juste	33 
s’afsurer	s’assurer	2 
preferit	prescrit	3 
befoins,	besoins,	2 
Ii8	Ii8	1 
phrafe	phrase	1 
C’eft	C’est	16 
fub-<:	fut-<:	1 
délicatefse	délicatesse	1 
j’exigeois	j’exigeons	1 
XE	XE	2 
fociété	société	4 
l’accomplifsement	l’accomplissement	4 
expreffion,	expression,	1 
difeours	discours	1 
s’afsurer	s’assurer	2 
difcrétion	discrétion	1 
chofes	choses	14 
parexcès,	partieès,	1 
préfente	préfente	7 
efprit,	esprit,	5 
agifse	agisse	1 
circonfpeétion,	circonfétion,	1 
difcours	discours	2 
difcours,	discours,	1 
faufseté	fausseté	2 
contradiclion	contradiction	1 
difcordance	difcordance	1 
n’eft-il	n’est-il	2 
propofer	proposer	2 
afpirent	aspirent	1 
n’eft	n’est	24 
fon.	fon.	1 
n’afpire	n’aspire	1 
richefses,	richesses,	5 
n’omettra	n’mettra	1 
fafse	fasse	1 
femblable	semblable	4 
pofsédant	possédant	1 
poui>	pour>	1 
tranfports	transports	2 
refufent	refusent	3 
defire.	desire.	1 
Ainfî	Infî	4 
parTome	parTie	1 
L’infensé,	L’insensé,	2 
s’embarrafse	s’embarrasse	1 
s’expofe	s’expose	1 
au-defsus	au-dessus	2 
l’infensé	l’insensé	3 
milieudes	milieudes	1 
jettez	jette	2 
femblable	semblable	4 
fommet	sommet	1 
Lorfque	Lorsque	10 
d’inferuments	d’instruments	1 
fymphonie	symphonie	1 
Mij	Mis	1 
Ijlî	Ilî	1 
n’avoient	n’avoient	2 
coeui'&	coeur'&	1 
maifon	maison	17 
(pedracle	(pendance	1 
fatisfaâion	faisantâion	2 
confidérant	considérant	1 
n’eft	n’est	24 
fatisfaâion	faisantâion	2 
époufe,	épouse,	2 
infpire	inspire	3 
c’eft-à-dirc	c’est-à-dire	1 
l’accomplifsement	l’accomplissement	4 
fimples	simples	3 
jufqu’à	jusqu’à	8 
puifsance	puissance	5 
l’appercevoir	l’apercevoir	1 
lorfque	lorsque	11 
facrifices,	sacrifices,	1 
purifient,	profitent,	1 
fuppofant	supposant	1 
raifon	raison	19 
d’efpérer	d’espérer	1 
par-ià	par-ià	1 
invifîble	invitîble	1 
manifefter	manifester	1 
puifsance	puissance	5 
invifible	invisible	1 
eft,	eft,	2 
exifte&	existe&	1 
manifefte	manifeste	2 
puiffance	puissance	1 
ainfi,	ainsi,	2 
jufte	juste	33 
fubtile	subtile	1 
fenfible,	sensible,	1 
lumineufe.	lumineuse.	1 
Lorfque	Lorsque	10 
illuftre	illustre	3 
I4O	I4O	1 
JDSTE	JUSTE	1 
lorfque	lorsque	11 
c’eft	c’est	39 
pofsédantles	possédantes	1 
afsura	assura	2 
rendoit	rendit	4 
falles	filles	3 
confacra	consacra	2 
ufage:	usage:	1 
defcendants,	descendants,	1 
Ainfï	Infï	1 
Chirn	Chien	1 
richefses,	richesses,	5 
fîngulier	fîgulier	1 
C’efrainfî,	C’terrainî,	1 
récompenfe	récompense	3 
diverfité	diversité	2 
fujets	sujets	7 
foible	faible	2 
mauvaifes	mauvaises	3 
n’étoit	n’étoit	5 
magiftrats,	magistrats,	1 
fuccès	succès	3 
lecc	lacc	1 
ainlî	ainî	1 
l’élevât	l’éleât	1 
Lorfqu’il	Lorsqu’il	6 
fecours	recours	4 
jufqu’à	jusqu’à	8 
l’illuftre	l’illustre	1 
Vuvam	Veuve	1 
d’ame&	d’ame&	1 
détruifant	détruisant	1 
Cheu.	Chez.	2 
fuccès	succès	3 
vafsal,	vassal,	1 
jouifsoit	jouissait	1 
n’eut	n’eut	1 
Cheu	Chez	1 
l’avoient	l’avoient	1 
fuivi	suivi	4 
puiffe	puisse	1 
pofséda	posséda	2 
richefs’es	riches’es	1 
afsura	assura	2 
jouifsance	jouissance	1 
confacrés	consacrés	1 
pofséda	posséda	2 
n’avoit	n’avoit	3 
avoient	avoient	7 
reTome	reTomb	1 
I46	I46	1 
miniftre,	ministre,	5 
obfeques	fresques	2 
miniftre,	ministre,	5 
n’étoit	n’étoit	5 
miniftre,	ministre,	5 
feroit	feront	1 
obfeques	fresques	2 
miniftre	ministre	14 
miniftres,	ministres,	2 
difpensés.	dispensés.	1 
aftreints	aftreints	1 
jparcequ’on	parcequ’on	1 
preferits,	prescrits,	1 
jufqu’aux	jusqu’aux	1 
n’ontils	n’outils	1 
fuivi	suivi	4 
facré	faceé	1 
fuivre	suivre	23 
defseins,	desseins,	2 
avoient	avoient	7 
fuivirent	suivirent	2 
prépareras	préparera	1 
confacrée	consacrée	1 
expofoit	exploit	1 
vafes	vases	1 
apportoit	apportait	1 
veftes	ventes	1 
revêtoit	revêtoit	1 
domeftique,	domestique,	2 
préfentoit	présentait	1 
faifons	faisons	2 
Lorfqu’on	Lorsqu’on	1 
rendoit	rendit	4 
miniflres	ministres	1 
rendoient,	rendaient,	1 
fufsent	fussent	1 
fuivoit	suivit	1 
difpoiîtion	modifiîtion	1 
l’inférieur.	l’inférieur.	1 
diftinguoit	distinguait	1 
favants	savants	3 
l’étoient	l’étoient	2 
l’étoient	l’étoient	2 
ferraient	feraient	1 
modeftie.	modestie.	1 
XE	XE	2 
obfervoit	observait	1 
prenoient	prenaient	1 
enfemble	ensemble	1 
âsjes	âses	1 
fubordination	subordination	3 
fuivirent	suivirent	2 
fcrupuleufement	scrupuleusement	2 
mufique	musique	1 
avoient	avoient	7 
IJ1	IJ1	1 
LE1USTE	LE1JUSTE	1 
avoient	avoient	7 
eufsent	eussent	1 
n’étoient	n’étoient	1 
obferve	observe	1 
fouverain	souverain	11 
falles	filles	3 
J’efprit	J’esprit	1 
auffi	suffi	3 
N-gay-kum,roideLu,	N-gay-kum,froidE,	1 
exiftent	existent	1 
lefquelles	lesquelles	3 
auffitôt	suffitôt	5 
miniftres	ministres	15 
femblables	semblables	3 
miniftres	ministres	15 
IJ4	IJ4	1 
conftitué	constitué	1 
s’emprefse	s’empresse	1 
d’infpirer	d’inspirer	1 
réurTîr,	réurîr,	1 
rofeau	roseau	1 
Ainfi	Ainsi	12 
puifse	puisse	8 
Venvam	Venant	6 
choififse	choisisse	1 
miniftres	ministres	15 
choifir	choisir	2 
miniftres,	ministres,	2 
laregle	large	1 
naifsent	naissent	9 
efsentiels	essentiels	1 
fociété	société	4 
l’accomplifsement	l’accomplissement	4 
infpire	inspire	3 
C’eft	C’est	16 
femblables	semblables	3 
conftitue	constitue	2 
c’eft	c’est	39 
fentiment,	sentiment,	1 
n’eftpas	n’etats	3 
inftind:	infini:	1 
indiftinétement	finitionétement	2 
Jlî	Lî	1 
percs	perc	1 
diverfité	diversité	2 
refpecl	respect	2 
raifon	raison	19 
femblables.	semblables.	1 
Ainfi	Ainsi	12 
diftinguer	distinguer	3 
Yie	Yie	1 
l’accomplifsement	l’accomplissement	4 
fujet,de	sujet,de	1 
efsentielles	essentielles	1 
furface	surface	3 
nécefsaires	nécessaires	6 
naifsent	naissent	9 
univerfel	universel	3 
naifsent	naissent	9 
connoifsance	connaissance	22 
connoifsance,	connaissance,	3 
connoifsance	connaissance	22 
perfonnes	personnes	5 
femblent	semblent	4 
connoifsances,	connaissances,	2 
connoifsance5	connaissance5	1 
foienc	rience	1 
Oij	Ois	1 
femblent	semblent	4 
raifon	raison	19 
néceflîté	néreflîté	3 
femblent	semblent	4 
defire	desire	2 
ifil	fil	1 
univerfel	universel	3 
univerfel	universel	3 
fcience	science	15 
favoir	avoir	6 
iij-	ii-	1 
IUSTE	JUSTE	3 
fuivantes,	suivantes,	1 
connoifsance	connaissance	22 
fouverains.	souverains.	1 
miniftres	ministres	15 
miniftres	ministres	15 
artifans	artisans	1 
ambafsadeurs.	ambassadeurs.	1 
Lorfqu’un	Lorsqu’un	2 
fuivre	suivre	23 
eftime	estime	3 
l’adminiftration	l’administration	3 
confpirent	confirmant	1 
çraite	çfaite	1 
miniftres	ministres	15 
circonftances	circonstances	4 
zèle,	zèle,	3 
fecours	recours	4 
Lorfqu’il	Lorsqu’il	6 
proportionner,	proportionnel,	1 
ainfî	infî	4 
tousfont	touffant	1 
affabilité.	affaiblité.	1 
Lorfqu’il	Lorsqu’il	6 
tranfportés	transportés	1 
Lorfqu’il	Lorsqu’il	6 
chofes	choses	14 
nécefsaires	nécessaires	6 
Lorfqu’il	Lorsqu’il	6 
générofîté	généroîté	1 
fervice,	service,	1 
Lorfqu’il	Lorsqu’il	6 
modeftes	modestes	1 
inacceffible	inaccessible	2 
préfente	préfente	7 
méprifer	mépriser	1 
richefses,	richesses,	5 
eftime.	estime.	1 
unifse	unifie	1 
haïr	haïr	1 
haïfsent.	haïsent.	1 
miniftres	ministres	15 
exaéts	exéts	1 
miniftres	ministres	15 
fubalternes	subalternes	2 
puifsent	puissent	2 
MILIIO.	MILITO.	1 
fubalternes	subalternes	2 
franchife,	franchise,	1 
confidérables.	considérables.	1 
n’impofer	n’imposer	1 
lefquels	lesquels	2 
diligents,	diligent,	1 
récompenfe	récompense	3 
diligents	diligent	1 
l’eftime	l’estime	1 
chofes	choses	14 
iorfqu’ils	lorsqu’ils	1 
Plionneur,	Pionnier,	1 
moj’en	moj’en	1 
puifsent	puissent	2 
traverfer	traverser	1 
fortic	fortin	1 
vrrtu	vertu	1 
diftinguée,	distinguée,	1 
conferver	conserver	6 
;cr	;cr	1 
enfuite	ensuite	9 
prefcrits,	prescrits,	1 
miniftre	ministre	14 
miniftre	ministre	14 
peiTonnes	perSonnes	1 
lorfqu’ils	lorsqu’ils	3 
préfents,	présents,	1 
générofité	générosité	1 
1-Jl	1-L	1 
fouverains	souverains	1 
obferver	observer	1 
c’eftde	c’eftde	1 
réfolution	révolution	1 
fuivre,	suivre,	3 
afsuré	assuré	2 
jufte	juste	33 
ef-	ef-	1 
faufseté,	fausseté,	3 
diffimulation,	dissimulation,	1 
aftuce.	astuce.	1 
néceffité	nécessité	3 
confulter	consulter	1 
fuivre	suivre	23 
l’obfervation	l’observation	2 
bafe	base	3 
réuffit	résuffit	1 
n’eft	n’est	24 
foutenu	soutenu	3 
confulté	consulté	1 
suide,	suite,	1 
fciences	sciences	2 
fagacité.	fagacité.	1 
précéder,	précéder,	1 
fuivre	suivre	23 
fuivre	suivre	23 
raifon.	raison.	5 
miniftre	ministre	14 
fupérieurs.	supérieurs.	1 
sûrpour	sûpour	1 
c’eft	c’est	39 
c’eft	c’est	39 
c’eft	c’est	39 
c’eft	c’est	39 
connoissance	connaissance	1 
Ainfi	Ainsi	12 
raifon	raison	19 
diftmçue	ditçue	1 
d’efprit	d’esprit	1 
conftamment	constamment	6 
l’impul-	l’impl-	1 
jufte	juste	33 
raifon	raison	19 
c’eft	c’est	39 
afpire	aspire	3 
difeerne	difeerne	2 
jufte	juste	33 
c’eft	c’est	39 
afpire	aspire	3 
chofes	choses	14 
chofes	choses	14 
l’obfcurité,	l’obscurité,	1 
confulte	consulte	2 
guettions	questions	1 
réponfes	réponses	1 
jufqu’à	jusqu’à	8 
comprifes,	comprises,	1 
perfonnes	personnes	5 
favoir	avoir	6 
préfente	préfente	7 
raifon	raison	19 
jufqu’à	jusqu’à	8 
folutioiï	volutionï	1 
Lorfquel’on	Lorsque’on	1 
pafser	passer	2 
queftioh	question	1 
épuifé	épuisé	1 
s’adrefse	s’adresse	3 
difeutent	disputent	1 
Lorfque	Lorsque	10 
difeuté	dieué	1 
fuffifamment	suffisamment	1 
distin-	destin-	1 
cefser	cesser	3 
lorfque	lorsque	11 
connoîtra	connoîtra	1 
divifîons.	divisîons.	1 
s’adrefse	s’adresse	3 
Lorfque	Lorsque	10 
afsurés	assurés	1 
fpéculation	fpéculation	1 
cefser	cesser	3 
d’agirqu’après	d’agir’après	1 
s’adrefse	s’adresse	3 
feul,	seul,	1 
réfolution,	révolution,	1 
foiblefse	faiblesse	2 
perfedion	perfection	1 
connoifsance	connaissance	22 
connoifsance	connaissance	22 
connoifsance	connaissance	22 
chofes,	choses,	5 
perfedion,	perfection,	1 
acquife	acquise	3 
fecours	recours	4 
IOSTE	POSTE	1 
nieredc	nierie	1 
acquife	acquise	3 
acquife	acquise	3 
fcience	science	15 
raifonnable	raisonnable	4 
aclions.	actions.	1 
inftructions,	instructions,	1 
foutenues	soutenues	1 
comioître	comitître	1 
raifonnable.	raisonnable.	3 
fenfîbles	fenîbles	1 
puifse	puisse	8 
fa.deftination	fa.destination	1 
fyftême	fftême	3 
conQ	cinQ	1 
fagc	fac	1 
afpire	aspire	3 
fuivre	suivre	23 
cceur	coeur	2 
fcrupuleusement	scrupuleusement	1 
fuivant	suivant	5 
imprimeront	imprimeront	1 
efprits,	esprits,	2 
fécondera	féconder	1 
Qiij	Qui	1 
I8lî	I8lî	1 
cettcrévolution	cetteévolution	1 
c’eft	c’est	39 
efprit,	esprit,	5 
prefcience.	prefcience.	1 
chofcs	chocs	1 
préfagent	préagent	1 
puifsance	puissance	5 
lorfqu’un	lorsqu’un	2 
efsuyer	essuyer	1 
défaftre,	déautres,	1 
finiftres	ministres	1 
adminiftrateurs	administrateurs	2 
femblent	semblent	4 
l’égaler	l’égaler	1 
l’afsocier	l’associer	1 
efprits.	esprits.	3 
C’efl:	C’el:	2 
c’eft	c’est	39 
chofes	choses	14 
chofe	chose	4 
n’efb	n’emb	2 
l’obéifsancc,	l’obéissance,	1 
chofes.	choses.	2 
auflî	aflî	1 
laifse	laisse	1 
l8jl	l8l	1 
mauvaife	mauvaise	2 
affeétion,	affétion,	1 
c’eft	c’est	39 
doitiue	droite	1 
abfolue	absolue	2 
confram-*	contrat-*	1 
c’eft	c’est	39 
manifefte,	manifeste,	1 
c’eft	c’est	39 
entreprife,	entreprise,	1 
fplendeur.	splendeur.	1 
fplendeur	splendeur	3 
conduifent	conduisent	2 
perfedion.	perfection.	1 
femblable	semblable	4 
fplendeur	splendeur	3 
l’eifet	l’effet	1 
n’eft	n’est	24 
fplendeur	splendeur	3 
c’eft	c’est	39 
atttaits	attraits	1 
n’eft	n’est	24 
ufage	usage	2 
conftance	confiance	1 
chofes	choses	14 
fuivant	suivant	5 
fuivent	suivent	1 
l’efprk	l’enfer	1 
açif-	açif-	1 
conftante.	constante.	1 
incompréhenfible:	incompréhensible:	1 
foleil,	soleil,	1 
fufpendues	suspendues	1 
immenfe,	immense,	1 
c’eft	c’est	39 
vafte	vaste	5 
C’eft	C’est	16 
qu’eft	qu’est	1 
affaifsé.	affairsé.	1 
franchifse	franchise	1 
foutient	soutient	2 
failiant	faillant	1 
foit,	fait,	1 
auffi	suffi	3 
qu’eft-ee	qu’est-le	1 
furface	surface	3 
ptoduifent	produisent	1 
nourrifsent	nourrissent	1 
oifeaux	oiseaux	3 
richefses	richesses	10 
Lorfque	Lorsque	10 
écuelle	écelle	1 
pafsez	passez	1 
connoifsance	connaissance	22 
vafte	vaste	5 
poifRij	poirIer	1 
richefses	richesses	10 
marchandifesi	marchandises	1 
tranfports	transports	2 
n’eft	n’est	24 
fufpendue	suspendue	1 
c’eft	c’est	39 
CF	CF	1 
fauf«	faut«	1 
C’eft-à-dire	C’est-à-dire	1 
parcequ’imiranc	parcequ’miracle	1 
confidérez	considérez	2 
vafte,	vaste,	1 
accroifsements	accroissement	2 
IJ)	IJ)	1 
femblc	semble	1 
daDS	daNS	1 
exifte	existe	3 
fcience	science	15 
c’eft	c’est	39 
fouveraine	souveraine	1 
lorfque	lorsque	11 
exiftera.	existera.	1 
raifon	raison	19 
fcience	science	15 
raifon	raison	19 
vafte	vaste	5 
fcience	science	15 
connoifsance	connaissance	22 
chofes,	choses,	5 
connoifsance,	connaissance,	3 
efprit.	esprit.	1 
jufte	juste	33 
jufte	juste	33 
connoît,	connoît,	1 
connoif.sance,	conomie.sance,	1 
juftice	justice	4 
n’avoit	n’avoit	3 
raifon	raison	19 
inacceflible	inaccessible	1 
l’infoleuce&	l’influence&	1 
quife	quipe	1 
complaît	complaît	1 
fortir	sortir	7 
l’obfcurité	l’obscurité	1 
difeours,	discours,	1 
çrnités.	çunités.	1 
filence	silence	3 
fufEsant	refUsant	1 
miniftre	ministre	14 
conferver	conserver	6 
fauf	faut	1 
infenfés,	infectés,	1 
confulrant	consultant	1 
raifon.	raison.	5 
difeernement,	discernement,	1 
pafsés,	pasés,	1 
s’expofent	s’exposent	1 
n’eft	n’est	24 
preferire	prescrire	1 
maifons	maisons	1 
vafes,	vases,	1 
auflîbien	aflîbien	1 
jufqu’ici	jusqu’ici	3 
ofé	ofé	1 
IUSTE	JUSTE	3 
chanaer	changer	1 
mufîque,	musîque,	1 
n’eft	n’est	24 
dynaftie	dynastie	7 
Yn	En	1 
connoifsons	connaissons	1 
miniftres	ministres	15 
Ainfî	Infî	4 
dynaftie,	dynastie,	3 
conféquent	conféquent	2 
fuivre.	suivre.	3 
dynaftie	dynastie	7 
Yn,	En,	1 
dynaftie	dynastie	7 
conferve	conserve	3 
minifiere,	signifier,	1 
fuivre	suivre	23 
obferver.	observer.	1 
dynaftie	dynastie	7 
Chcu,	Chou,	1 
tranfmifes	transmises	1 
enfeignées	enseignées	1 
obfervées,	observées,	1 
MIL.IEU.	MIL.PEU.	1 
ZOJ	ZOO	1 
favoir,	avoir,	3 
Ainfi	Ainsi	12 
féverc	févers	1 
conftruction	construction	1 
chofes	choses	14 
nécefsaires	nécessaires	6 
l’établifsement	l’établissement	1 
diSi]	diS]	1 
l’éloiguement	l’éloignement	1 
fuivre.	suivre.	3 
propofoic	propofol	1 
refuferoient	refuferoient	1 
foumettre	soumettre	1 
propoferoit.	proposeront.	1 
Ainfi	Ainsi	12 
fuivre	suivre	23 
fuivej	suivre	1 
enfuite	ensuite	9 
adminiftration	administration	3 
empereuts	empereurs	1 
Cheu.	Chez.	2 
fuivant	suivant	5 
s’égarera	s’éparera	1 
confulte	consulte	2 
raifon	raison	19 
fuivant	suivant	5 
décifions,	décisions,	1 
répréhenfiblc.	répréhensible.	1 
foutenu	soutenu	3 
conduife	conduite	1 
1IO	1IO	1 
puifse	puisse	8 
efpérer	efpérer	2 
fcience	science	15 
n’eft	n’est	24 
conno'it	conno'it	1 
efpérer	efpérer	2 
fcience	science	15 
deftinées	destinées	1 
dynaftie	dynastie	7 
Lorfqu’ils	Lorsqu’ils	1 
royaucc	royaume	1 
d’averfîon	d’aversîon	1 
Lorf-	Lors-	3 
concc	concr	1 
fuivi	suivi	4 
d’Ya	d’Ya	1 
Cliun,	Clin,	2 
cefsoit	cessit	1 
l’adminiftration	l’administration	3 
llj	lle	1 
voifin	voisin	1 
Vuvam,	Veuve,	1 
fcrupuleufement	scrupuleusement	2 
avoient	avoient	7 
agifsant	agissant	1 
efpaces	espaces	1 
s’étendoit	s’étendait	1 
faifons	faisons	2 
interrup-	interpr-	1 
foleil	soleil	3 
cclairent	clairent	1 
fcience	science	15 
faifons.	faisons.	1 
foleil	soleil	3 
n’efb	n’emb	2 
oppofée	opposée	1 
l’enfèmble,	l’enèable,	1 
univerfelle.	universelle.	1 
ConfU-	ConnU-	1 
avoït	aoït	1 
déterminoit	déterminait	1 
devoit	devait	4 
circonftances	circonstances	4 
univerfelle	universelle	2 
rapportoit	rapportait	1 
fcience	science	15 
nécefsaires	nécessaires	6 
généreufe,	généreuse,	1 
juftice	justice	4 
courageufe,	courageuse,	1 
Il6	Il6	1 
UltlEU.	AuteUR.	1 
fe.ul	fe.ul	1 
modefte,	modeste,	1 
confommée	consommée	2 
diftingue	distingue	2 
circonftances	circonstances	4 
deshonnête.	essonneête.	1 
vafte	vaste	5 
immeufe	immense	1 
circonftances	circonstances	4 
d’ufage	d’usage	1 
immenfité,	immensité,	1 
montret-elle,	montrer-elle,	1 
tranfport.	transport.	1 
C’eft	C’est	16 
pénétrez	pénétre	1 
examinez	examiner	1 
foleil	soleil	3 
rofée	rosée	1 
fécondentj&fivousy	fécondent&fivousy	1 
trouTome	tronOme	1 
c’efl:	c’el:	2 
uftifie	utilise	1 
comparaifon	comparaison	1 
univerfelle	universelle	2 
fpherc	perc	1 
raifon	raison	19 
remplifsant	remplissant	1 
fouverain	souverain	11 
fujet,	sujet,	2 
fubordination	subordination	3 
domeftiques	domestiques	1 
fuivre	suivre	23 
connoifsance	connaissance	22 
fujviç	fujiç	1 
laproduction	production	1 
accroifsements	accroissement	2 
confervation.	conservation.	1 
Tij	Tir	1 
fuivant	suivant	5 
raifon.	raison.	5 
C’eft	C’est	16 
intérefsantes	intéressantes	1 
c’efl:	c’el:	2 
rétablifsant	rétablissant	3 
c’efl	c’el	2 
fagacité	fagacité	4 
efprit,	esprit,	5 
produâion	promuâion	1 
yafte	autre	1 
fagacité,	fagacité,	2 
Hoei,	Hoei,	1 
portoit	portait	3 
cachoit	cachait	1 
fimple	simple	1 
dédaiguoit	déambiguit	1 
C’eft	C’est	16 
l’infensé	l’insensé	3 
Ainfi	Ainsi	12 
infipide,	insipide,	1 
préfente	préfente	7 
confufion,	confusion,	1 
cecte	cette	1 
lorfque	lorsque	11 
pafsant	passant	1 
c’eft	c’est	39 
chofes	choses	14 
fecretes	recettes	2 
manifeftent	manifestent	1 
defquelles	desquelles	1 
C’eft	C’est	16 
foigneufement	soigneusement	2 
Lorf-	Lors-	3 
IUSTE	JUSTE	3 
puifse	puisse	8 
puifse	puisse	8 
C’eft	C’est	16 
Lorfque	Lorsque	10 
fuffiez-vous	suffixe-vous	1 
Lorf-	Lors-	3 
n’étoit	n’étoit	5 
faifl	fail	1 
refpcét	renceét	1 
filence,	silence,	1 
l’imcc	l’imac	1 
l’accomcc	l’accroc	1 
pagnoient	plaignent	1 
n’entendoit	n’entendait	1 
difcuflîon	disculpîon	1 
fondions.	fonction.	1 
C’eftainfï	C’certainï	1 
récompenfes	récompenses	1 
n’eft	n’est	24 
c’eft	c’est	39 
modefrie	moderne	1 
Xl8	Xl8	1 
puifsantes	puissantes	1 
impofantes	imposantes	1 
dynaftie	dynastie	7 
Cheu,	Chez,	1 
d’environner	d’mentionner	1 
fafte	faite	2 
impocc	impos	1 
connoifsances	connaissances	3 
cefsaires	cessaires	1 
fuivre	suivre	23 
penfées	pensées	1 
affeélions	affélions	1 
po'ete,	po'ete,	1 
repréfente	repréfente	2 
J’aime&je	J’aime&je	1 
chérisvotre	chéregistre	1 
fïmple,	fïmile,	1 
phrafes	phrases	1 
fonores	sonores	1 
nombreufes,	nombreuses,	1 
refsources	ressources	1 
fenfibles	sensibles	3 
aufîi	aufîi	1 
C’eft	C’est	16 
inacceffible	inaccessible	2 
fens,	fens,	1 
c’eft	c’est	39 
LOUES	LOUIS	1 
s’annonçokau	s’annonçoka	1 
fousfes	courses	1 
aufpices,	auspices,	1 
pleuroit	pleurait	1 
bien’aits	bien’ais	1 
n’avoient	n’avoient	2 
fignalé.-	finalé.-	1 
Ainfi	Ainsi	12 
l’efpoir	l’espoir	1 
vinct	vingt	1 
âffeTon	âeffEt	1 
diclé	diplé	1 
rems	res	1 
feul’s	seul’s	1 
richefTes.	richesSes.	1 
facrifler,	faciliter,	1 
promefTes,"	promesSes,"	1 
Qu’autorife	Qu’autorise	1 
foumettraî	soumettraî	1 
befoins	besoins	2 
vigilans	vigilant	1 
facrifices.	sacrifices.	1 
C’eft	C’est	16 
defin	decin	1 
foyez	foyer	1 
plaifir.	plaisir.	2 
l,ouis	l,ouis	1 
deftins	destins	1 
dépofé	déposé	1 
facré.,	faceé.,	1 
folemnel,	solennel,	1 
fouhaits	souhaits	1 
allarmes^	alarmes^	1 
litavec	litalie	1 
tranfport,	transport,	1 
n’eft	n’est	24 
perduK	perdu	1 
jufte,	juste,	1 
afFoibli	afFaibli	1 
augufte.	auguste.	1 
confolé	condolé	1 
efpère	efpère	1 
embraffe	membrane	1 
efpoir	espoir	1 
modefte	modeste	1 
c’eft	c’est	39 
C’eft	C’est	16 
craintle	crainte	1 
NobîeiTe-,	NobîsiTe-,	1 
Vaffaux,	Afflux,	1 
divifés	divisés	1 
Sembloit	Semblait	1 
compofé	composé	1 
myftères	mystères	1 
trifte	triste	1 
tjTannique	tyRannique	1 
'Qu’envam	'Qu’entam	1 
puiflance	puissance	1 
talens.	talent.	1 
jufte	juste	33 
fcience	science	15 
fujets	sujets	7 
c’efl	c’el	2 
favoir	avoir	6 
bafe	base	3 
Repoufîent	Repoufîent	1 
menfonge	mensonge	1 
infoient	incident	1 
t’offrirai	t’offrira	1 
Chanfons	Chansons	1 
proftitua	profitant	1 
l’infpire^	l’inspire^	1 
bafTelTe	bafTelTe	1 
Honorons	Hongrois	1 
puifTance.	puisSance.	1 
récompenfe	récompense	3 
fujets,	sujets,	6 
l’afpeâ	l’afpâ	1 
Dfc	Fc	1 
1ER,	1ER,	1 
FONDEE	FONDE	1 
STANOÏEVITCH	STANDÏEVITCH	1 
démontrerai	démontrera	2 
Dirai-je	Dirai-je	1 
dépendu	dépendu	1 
faciunt	faisant	1 
pononcer	prononcer	1 
tromperiez	tromperie	1 
sebase	sybase	1 
lésées	lésées	1 
consens	condens	1 
établissez	établisse	1 
chancellera	chancelier	1 
contrela	contrefa	1 
inhabile,	instable,	1 
chercherez	chercher	1 
renoncez	renoncer	1 
associerez	associer	1 
précéder	précéder	1 
flattez	flatter	1 
disparussent,	disparaissent,	1 
devînt	devînt	1 
(réel)	(réel)	1 
plusse	pousse	1 
démontrerai	démontrera	2 
indignement.	dignement.	1 
s’immiscerait	s’immisceraient	1 
riposteront,	disposeront,	1 
trempant	trompant	1 
déprave	dépave	1 
ÉtatsUnis.	ÉtasuNien.	1 
fondez	fonde	2 
enlevaient	recevaient	1 
foulaient	voulaient	1 
garantir,	garantir,	1 
d’épuisements,	d’épuisement,	1 
n’aiteint	n’atteint	1 
empoisonnez	empoisonner	1 
serf	serf	1 
d’Etats,	d’Etats,	1 
czar	car	1 
retrempe	trempe	1 
Estce	Este	1 
ravisant	ravisant	1 
hostilement	subtilement	1 
fondez	fonde	2 
N’estil	N’estim	1 
apercevons	apercevons	2 
apercevons	apercevons	2 
n’enmêlait	n’enêlait	1 
violateurs	aviateurs	1 
Ausitôt	Aussitôt	1 
exilez	exiler	1 
séquestrez	séquestre	1 
gouvernera	gouverner	1 
n’aptiennent	n’obtiennent	1 
l’Égalise.	l’Égalise.	1 
condamnez	condamne	1 
critiqueur	critiquer	1 
régisse,	réagisse,	1 
mépriserez	mépriser	1 
riposterez	riposter	1 
abso6.	aso6.	1 
critiqueur.	critiquer.	1 
j’aie	j’aie	1 
naïfs	naïfs	1 
associions	associions	1 
1er,	1er,	1 
fon-	fon-	2 
admettez	admettez	1 
pénals	pénale	1 
Orgarnisez	Orgarnisez	1 
modifiez	modifier	1 
déduis	déduis	1 
impolitiques,	politiques,	1 
tyranniè,	tyrannieè,	1 
ellemême.	elleême.	1 
s’affublera	s’affubler	1 
drapera	drapera	1 
opposez	oppose	1 
dépouillera	dépouiller	1 
Karageorge.	Karageorge.	1 
semé	semé	2 
surgissaient,	surgissent,	1 
souspréfets,	souséfets,	1 
jalouxd’être	jaloux’être	1 
punira	punir	1 
L’AME	L’AME	1 
ajoutais	ajoutait	1 
Karageorgévitch,	Karageorgévitch,	1 
séparas	séparas	1 
obtins	obtint	1 
luttas	luttes	1 
d’Etem-pacha	d’Etel-pacha	1 
demandas	demandes	1 
t’avoir	t’avoir	1 
acceptas.	accepta.	1 
tisfaits.	satisfait.	1 
Maisières,	Maisères,	2 
ledéterminer	ledéterminer	1 
suer,	sur,	1 
ellemême	elleême	1 
raconterai	racontera	1 
morveux,	morveux,	1 
Empoignez-moi	Empoigne-moi	1 
l’honorons	l’honorent	1 
susdit	suscit	1 
enfanfs,	enfants,	1 
épanchemeat	épanchement	1 
voterez	votre	1 
pétulant	pétuant	1 
souspréfet	souséfet	1 
souspréfet,	souséfet,	1 
ioup	coup	2 
veneurs,	vendeurs,	1 
ioup	coup	2 
veneurs	vendeurs	1 
trèsutiles	trèutiles	1 
inconvenance	convenance	1 
tinue.	tique.	1 
niez,	nie,	1 
Maiutenons-nous	Maintenons-nous	1 
Maisières,	Maisères,	2 
