;;;Err :501;;;
equal ;   file_1[0:8]; --> file_2[0:8]; ['BOULETTE', 'COMBATTRE', 'CAHORS', 'XXX', 'BOULETTE)', 'COMBATTRE', 'XXX', 'Boulette).']; --> ['BOULETTE', 'COMBATTRE', 'CAHORS', 'XXX', 'BOULETTE)', 'COMBATTRE', 'XXX', 'Boulette).'];;
insert;   file_1[8:8]; --> file_2[8:9];       []; --> ['devenue'];;
equal ;   file_1[8:9]; --> file_2[9:10]; ['classique.']; --> ['classique.'];;
insert;   file_1[9:9]; --> file_2[10:11];       []; --> ['semé'];;
equal ;   file_1[9:10]; --> file_2[11:12]; ['avertissements']; --> ['avertissements'];;
insert;   file_1[10:10]; --> file_2[12:13];       []; --> ['dédaigna'];;
equal ;   file_1[10:35]; --> file_2[13:38]; ['gris,', 'gagnerait', 'Aubrac,', 'raisons', 'flexion', 'trement.', 'Combattre', 'ïjambes', 'essaient', 'accueillaient,', 'Marrakech', 'TRACY).', 'Surface', 'parcours', 'd’isthme', 'SURFACE', 'Grimoire', 'SURFACE', 'Violons', 'Régnier', 'ailé,', 'SURFACE', 'déclamations', 'patinage', 'Merger']; --> ['gris,', 'gagnerait', 'Aubrac,', 'raisons', 'flexion', 'trement.', 'Combattre', 'ïjambes', 'essaient', 'accueillaient,', 'Marrakech', 'TRACY).', 'Surface', 'parcours', 'd’isthme', 'SURFACE', 'Grimoire', 'SURFACE', 'Violons', 'Régnier', 'ailé,', 'SURFACE', 'déclamations', 'patinage', 'Merger'];;
insert;   file_1[35:35]; --> file_2[38:39];       []; --> ['impromptus'];;
equal ;   file_1[35:40]; --> file_2[39:44]; ['SURFACE', 'rehaut', 'bravoure.', 'SURFACE', 'Rables']; --> ['SURFACE', 'rehaut', 'bravoure.', 'SURFACE', 'Rables'];;
insert;   file_1[40:40]; --> file_2[44:45];       []; --> ['usée.'];;
equal ;   file_1[40:46]; --> file_2[45:51]; ['Paule', 'SURFACE', 'SURFACE', 'devienne', 'COMBATTRE.', 'soldat']; --> ['Paule', 'SURFACE', 'SURFACE', 'devienne', 'COMBATTRE.', 'soldat'];;
insert;   file_1[46:46]; --> file_2[51:52];       []; --> ['pars,'];;
equal ;   file_1[46:67]; --> file_2[52:73]; ['bronzage', 'Gazier', 'cOLL', 'Tend', 'Messaoud,', 'Haïces', 'livres', 'inexorable', 'fondrait', 'dattirer', 'statuette', 'paule', 'Savonnettes', 'fournissent', 'desserte…', 'chappe', 'Vivant', 'VEILLE', 'gaiet,', 'Juin', 'flaque.']; --> ['bronzage', 'Gazier', 'cOLL', 'Tend', 'Messaoud,', 'Haïces', 'livres', 'inexorable', 'fondrait', 'dattirer', 'statuette', 'paule', 'Savonnettes', 'fournissent', 'desserte…', 'chappe', 'Vivant', 'VEILLE', 'gaiet,', 'Juin', 'flaque.'];;
replace;   file_1[67:68]; --> file_2[73:74]; ['déshabillants']; --> ['déshabillent'];;
equal ;   file_1[68:82]; --> file_2[74:88]; ['l’empaqueter', 'pauvret', 'cantonnade.', 'aimerais', 'Cris-moi', 'mam’elle', 'm’écrira', 'dirais', 'l’éprouve', 'flétrit', 'm’envoie', 'eûmes', 's’battre', 'encouragés,']; --> ['l’empaqueter', 'pauvret', 'cantonnade.', 'aimerais', 'Cris-moi', 'mam’elle', 'm’écrira', 'dirais', 'l’éprouve', 'flétrit', 'm’envoie', 'eûmes', 's’battre', 'encouragés,'];;
insert;   file_1[82:82]; --> file_2[88:89];       []; --> ['brûle,'];;
equal ;   file_1[82:96]; --> file_2[89:103];" ['baleines', 'hyène', 'Bouchons', 'bandière', 'da-fé', 'Rants', 'franchissait', 'Gazier.', 'penser', 'VOYAGER', 'Voyager', ""d’entre'eux"", 'Bardes', 'jetteras,']";" --> ['baleines', 'hyène', 'Bouchons', 'bandière', 'da-fé', 'Rants', 'franchissait', 'Gazier.', 'penser', 'VOYAGER', 'Voyager', ""d’entre'eux"", 'Bardes', 'jetteras,']";;
insert;   file_1[96:96]; --> file_2[103:104];       []; --> ['murmure'];;
equal ;   file_1[96:99]; --> file_2[104:107]; ['fensive', 'Branler', 'lisait']; --> ['fensive', 'Branler', 'lisait'];;
insert;   file_1[99:99]; --> file_2[107:108];       []; --> ['mugit,'];;
equal ;   file_1[99:111]; --> file_2[108:120]; ['hurlant', 'vivraient', 'Filaient', 'reprit', 'ratures', 'Relever', 'charmaient', 'Coutait', 'moi,', 'Existait', 'nappe.', 'palpitant']; --> ['hurlant', 'vivraient', 'Filaient', 'reprit', 'ratures', 'Relever', 'charmaient', 'Coutait', 'moi,', 'Existait', 'nappe.', 'palpitant'];;
insert;   file_1[111:111]; --> file_2[120:122];       []; --> ['avouera', 'soin,'];;
equal ;   file_1[111:116]; --> file_2[122:127]; ['guérira', 'pleurer', 'Troit', 'demeurait', 'permis']; --> ['guérira', 'pleurer', 'Troit', 'demeurait', 'permis'];;
insert;   file_1[116:116]; --> file_2[127:128];       []; --> ['m’eût'];;
equal ;   file_1[116:150]; --> file_2[128:162];" ['J’coutais,', 'glaçait', 'pâlaissez,', 'l’écrasa', 'rapprocher-vous,', 'Rapprocher', 'arrêtez', 'moribond', 'affluent', 'Nîme,', 'J’éprenais', 'passes', 'Nîme,', 'sauvera-je', 'MAILLON', 'FUNESTE', 'retourna,', 'confiance', 's’épanchant', 'dormions', 'Trempe', 'L’oiselet', 's’éveuve,', 'DESSERTE', ""trop'roulante,"", ""ach'ter"", 'c’que', 'fresques', ""z'un"", ""politis'"", ""z'un"", 'connaissance’s', 'chaux.', 'pratique']";" --> ['J’coutais,', 'glaçait', 'pâlaissez,', 'l’écrasa', 'rapprocher-vous,', 'Rapprocher', 'arrêtez', 'moribond', 'affluent', 'Nîme,', 'J’éprenais', 'passes', 'Nîme,', 'sauvera-je', 'MAILLON', 'FUNESTE', 'retourna,', 'confiance', 's’épanchant', 'dormions', 'Trempe', 'L’oiselet', 's’éveuve,', 'DESSERTE', ""trop'roulante,"", ""ach'ter"", 'c’que', 'fresques', ""z'un"", ""politis'"", ""z'un"", 'connaissance’s', 'chaux.', 'pratique']";;
insert;   file_1[150:150]; --> file_2[162:163];       []; --> ['drôle'];;
equal ;   file_1[150:161]; --> file_2[163:174];" [""n’attrape'"", 'adresse', 'REVERSE', 'valuait', 'cascades,', 'Glisse', 'triser.', 'sabre', 'Etudes', 'd’ors', 'Lecteurs,']";" --> [""n’attrape'"", 'adresse', 'REVERSE', 'valuait', 'cascades,', 'Glisse', 'triser.', 'sabre', 'Etudes', 'd’ors', 'Lecteurs,']";;
insert;   file_1[161:161]; --> file_2[174:175];       []; --> ['épais,'];;
equal ;   file_1[161:162]; --> file_2[175:176]; ['soufflait']; --> ['soufflait'];;
insert;   file_1[162:162]; --> file_2[176:177];       []; --> ['suite'];;
equal ;   file_1[162:188]; --> file_2[177:203]; ['répondez', 'vespaée,', 'marionnette,', 'disette', 'console,', 'blues,', 'DEVILLE', 'ESC…', 'frileuses', 'MARIONNETTE,', 'allonger', 'parfum…', 'enveloppes', 'j’teintes', 'ALLI', 'gaîté,', 'FIANCE', 'coques,', 'chancelante,', 'insolente,', 'pourront', 'Veille', 'Philosophes,', 'parole', 'Fanfreluches', 'Inde']; --> ['répondez', 'vespaée,', 'marionnette,', 'disette', 'console,', 'blues,', 'DEVILLE', 'ESC…', 'frileuses', 'MARIONNETTE,', 'allonger', 'parfum…', 'enveloppes', 'j’teintes', 'ALLI', 'gaîté,', 'FIANCE', 'coques,', 'chancelante,', 'insolente,', 'pourront', 'Veille', 'Philosophes,', 'parole', 'Fanfreluches', 'Inde'];;
insert;   file_1[188:188]; --> file_2[203:204];       []; --> ['l’eût'];;
equal ;   file_1[188:238]; --> file_2[204:254]; ['madril,', 'ouvre,', 'conseillent', 'serena,', 'aliers', 'MANQUE', 'fleurir', 'trouble,', 'craonne', 'm’illusion', 'prises', 'couronne,', 'Perdus,', 'sourire', 'pâlie,', 'classement', 'dicte', 'cassette,', 'rajeunir', 'ARGENTINE', 'J’feuilles', 'feuilles', 'n’ayons', 'N’ayons', 'parfum,', 'd’effeuiller', 'LEONE', 'bains', 'gambades', 'préviens', 'répandu', 'chagrin,', 'Liliane,', 'radieuse', 'Florissant,', 'TROMPETTE', 'rendrait', 'bords', 'Parole', 'Treinte', 'morose)', 'J’étrains', 'Brise-vous', 'couronne', 'cliquetis.', 'lourdement', 'FORMATEUR', 'PORTE', 'cahors', 'ensoleillé']; --> ['madril,', 'ouvre,', 'conseillent', 'serena,', 'aliers', 'MANQUE', 'fleurir', 'trouble,', 'craonne', 'm’illusion', 'prises', 'couronne,', 'Perdus,', 'sourire', 'pâlie,', 'classement', 'dicte', 'cassette,', 'rajeunir', 'ARGENTINE', 'J’feuilles', 'feuilles', 'n’ayons', 'N’ayons', 'parfum,', 'd’effeuiller', 'LEONE', 'bains', 'gambades', 'préviens', 'répandu', 'chagrin,', 'Liliane,', 'radieuse', 'Florissant,', 'TROMPETTE', 'rendrait', 'bords', 'Parole', 'Treinte', 'morose)', 'J’étrains', 'Brise-vous', 'couronne', 'cliquetis.', 'lourdement', 'FORMATEUR', 'PORTE', 'cahors', 'ensoleillé'];;
insert;   file_1[238:238]; --> file_2[254:256];       []; --> ['l’huis', 'élus'];;
equal ;   file_1[238:261]; --> file_2[256:279]; ['éservante', 'N’as', 'pârissaient', 'détruisit', 'Entrent', 'soulèvera', 'troliers', 'Paule', 'givre', 'bergerie', 'effectueront', 'Garer', 'essayaient', 'flécrira', 'ségraphique,', 'Fleurissent', 'pleurer', 'CIMENTIER', 'entier', 'J’entra,', 'rose', 'endeuillée', 'cassette']; --> ['éservante', 'N’as', 'pârissaient', 'détruisit', 'Entrent', 'soulèvera', 'troliers', 'Paule', 'givre', 'bergerie', 'effectueront', 'Garer', 'essayaient', 'flécrira', 'ségraphique,', 'Fleurissent', 'pleurer', 'CIMENTIER', 'entier', 'J’entra,', 'rose', 'endeuillée', 'cassette'];;
insert;   file_1[261:261]; --> file_2[279:280];       []; --> ['Trouble'];;
equal ;   file_1[261:267]; --> file_2[280:286]; ['faisais', 'Jamais', 'pâmaison,', 'animent', 'Jamais', 'Perdu,']; --> ['faisais', 'Jamais', 'pâmaison,', 'animent', 'Jamais', 'Perdu,'];;
insert;   file_1[267:267]; --> file_2[286:287];       []; --> ['s’etant'];;
equal ;   file_1[267:277]; --> file_2[287:297]; ['parlait', 'déride', 'Valenté.', 'grimpait,', 'arguant', 'Valenté.', 'Valenté.', 'Valenté.', 'Valenté,', 'clignotant.']; --> ['parlait', 'déride', 'Valenté.', 'grimpait,', 'arguant', 'Valenté.', 'Valenté.', 'Valenté.', 'Valenté,', 'clignotant.'];;
insert;   file_1[277:277]; --> file_2[297:298];       []; --> ['plaie'];;
equal ;   file_1[277:301]; --> file_2[298:322]; ['classe', 'trouvant', 'Naïade', 'valant', 'bayardère', 'broutillant', 'coule', 'sortes.', 'manger', 'munir', 'Irrite', 's’étreint', 'bondi', 'donnera,', 'rait', 'Brave', 'conjurer', 'Ressusciter', 'Accourus,', 'Chansons', 'hacher', 'funeste', 'gaîté.', 'passez']; --> ['classe', 'trouvant', 'Naïade', 'valant', 'bayardère', 'broutillant', 'coule', 'sortes.', 'manger', 'munir', 'Irrite', 's’étreint', 'bondi', 'donnera,', 'rait', 'Brave', 'conjurer', 'Ressusciter', 'Accourus,', 'Chansons', 'hacher', 'funeste', 'gaîté.', 'passez'];;
insert;   file_1[301:301]; --> file_2[322:323];       []; --> ['chérie,'];;
equal ;   file_1[301:314]; --> file_2[323:336]; ['naires,', 'Voyager', 'Deville', 'Alli', 'Marlard', 'Argentine', 'Trompette', 'XXX', 'DOLLAR', 'Xe', 'Janet-Picard.', 'GARRISON', 'Gazette,']; --> ['naires,', 'Voyager', 'Deville', 'Alli', 'Marlard', 'Argentine', 'Trompette', 'XXX', 'DOLLAR', 'Xe', 'Janet-Picard.', 'GARRISON', 'Gazette,'];;
insert;   file_1[314:314]; --> file_2[336:337];       []; --> ['écu,'];;
equal ;   file_1[314:335]; --> file_2[337:358];" ['Odes,', 'Tamines', 'MARRAKECH', 'Janet', 'Janet', 'POUVIONS', 'Cécette', 'POUVIONS', 'classiques', 'seconde', 'Chun-tfiou', 'Lid.', ""'\\ij"", 'K.MATI', 'c’est', 'repréfente', 'diverses', 'Ainsi,', 'finiîent', 'Videîau,', 'l’histoire']";" --> ['Odes,', 'Tamines', 'MARRAKECH', 'Janet', 'Janet', 'POUVIONS', 'Cécette', 'POUVIONS', 'classiques', 'seconde', 'Chun-tfiou', 'Lid.', ""'\\ij"", 'K.MATI', 'c’est', 'repréfente', 'diverses', 'Ainsi,', 'finiîent', 'Videîau,', 'l’histoire']";;
insert;   file_1[335:335]; --> file_2[358:359];       []; --> ['règnes'];;
equal ;   file_1[335:451]; --> file_2[359:475];" ['lesquelles', 'gouvernoient', 'Chun-tfiou,', 'c’est-à-dire', 'flétrissent,', 'représenté', 'faces', 'sujets,', 'l’enseignait', 'cidiv', 'sentences,', 'circonstances,', 'faiblesse', 'étoit,', 'exprimoieut', 'étoile', 'historique', 'coates', 'infirmerions', 'l’occasion', 'nécessairement', 'devait', 'néreflîté', 'suivre', 'renfermoient.', 'C’el:', 'lorsque', 'néreflîté', 'connaissance', 'profitent', 's’introduisent', 'administrateurs', 'plusieurs', 'fields,', 'respect', 'soldats', 'puissance', 'opposer', 'allions', 'l’instruction', 'forces', 'conservait', 'composés', 'symboles,', 'n’étoit', 'possible', 'donnaient', 'dépendait', 'l’observation', 'pouvoir', 'l’implîbilité', 'cause', 'cause', 'défilaient', 'esprits', 'baracké', 'xix', 'nécessaires', 'liaison', 'suivirent', 'hasard', 'renfermoient', 'esprits,', 'liaison,', 'xiii', 'simplicité', 'assez', 'fagacité', 'fbfîtoit', 'rétablissement', '£0""gouvernement.', 's’empressa', 'possédoit', 'rendit', 'succès', 'jusqu’à', 'subiïlcr,', 'bestiaux.', 'remplissait', 'sortit,', 'classiques', 'présidence', 'justice,', 'déintéressement', 'universellement', 'ministre', 'posteïion,', 'Chao-thing-mao', 'autorit', 'déordre', 'surprit', 'cons', 'artificielle,', 'mensonges', 'fausseté,', 'heureuse', 'plaisance', 'grand', 'Chance', 'thing-mao', 'laisser', 'courtisan', 'subitement', 'résolut', 'Hit.', 'présent', 'présent,', 'sortit,', 'princesse', 'épouse,', 'attendait', 'spectacle.', 'Connu«', 'n’avoir', 'jusqu’ici', 'vente.«']";" --> ['lesquelles', 'gouvernoient', 'Chun-tfiou,', 'c’est-à-dire', 'flétrissent,', 'représenté', 'faces', 'sujets,', 'l’enseignait', 'cidiv', 'sentences,', 'circonstances,', 'faiblesse', 'étoit,', 'exprimoieut', 'étoile', 'historique', 'coates', 'infirmerions', 'l’occasion', 'nécessairement', 'devait', 'néreflîté', 'suivre', 'renfermoient.', 'C’el:', 'lorsque', 'néreflîté', 'connaissance', 'profitent', 's’introduisent', 'administrateurs', 'plusieurs', 'fields,', 'respect', 'soldats', 'puissance', 'opposer', 'allions', 'l’instruction', 'forces', 'conservait', 'composés', 'symboles,', 'n’étoit', 'possible', 'donnaient', 'dépendait', 'l’observation', 'pouvoir', 'l’implîbilité', 'cause', 'cause', 'défilaient', 'esprits', 'baracké', 'xix', 'nécessaires', 'liaison', 'suivirent', 'hasard', 'renfermoient', 'esprits,', 'liaison,', 'xiii', 'simplicité', 'assez', 'fagacité', 'fbfîtoit', 'rétablissement', '£0""gouvernement.', 's’empressa', 'possédoit', 'rendit', 'succès', 'jusqu’à', 'subiïlcr,', 'bestiaux.', 'remplissait', 'sortit,', 'classiques', 'présidence', 'justice,', 'déintéressement', 'universellement', 'ministre', 'posteïion,', 'Chao-thing-mao', 'autorit', 'déordre', 'surprit', 'cons', 'artificielle,', 'mensonges', 'fausseté,', 'heureuse', 'plaisance', 'grand', 'Chance', 'thing-mao', 'laisser', 'courtisan', 'subitement', 'résolut', 'Hit.', 'présent', 'présent,', 'sortit,', 'princesse', 'épouse,', 'attendait', 'spectacle.', 'Connu«', 'n’avoir', 'jusqu’ici', 'vente.«']";;
insert;   file_1[451:451]; --> file_2[475:476];       []; --> ['plût'];;
equal ;   file_1[451:464]; --> file_2[476:489]; ['corne', 'OASIS', 'plaisir.', 'assez', 'disposition', 'principautéde', 'disciples.', 'intrusionït', 'président', 'fabre', 'portait,', 'paroître', 'assez']; --> ['corne', 'OASIS', 'plaisir.', 'assez', 'disposition', 'principautéde', 'disciples.', 'intrusionït', 'président', 'fabre', 'portait,', 'paroître', 'assez'];;
insert;   file_1[464:464]; --> file_2[489:490];       []; --> ['Tien,'];;
equal ;   file_1[464:521]; --> file_2[490:547];" ['ministres', 'considérait,', 'pasé', 'ministres', 'l’appeller,', 'entit', 'consacra', 'disciples,', 'composa', 'Enseigner', 'Hill.', 'xj', 'persuader', 'proposait', 'd’amuser', 'courtisans', 'superficiels,', 'empire', 'l’exposîtion', 'simplicité', 'accessible', 'voulait', 'passager', 'emp-', 'Xxie', 'petits', 'impression', 'l’esprit', 'favoit', 'connaissance', 'solide', 'fur-tout', 'nécessité', 'présentant', 'persuader.', 'style', 'actifsîcr', 'précision', 'pourrait', 'souvenir.', 'préincision,', ""y'observe-"", 'difFusion', 'confusion', 'présenter', 'subtilité', 'expressions', 'forme', 'amuser,', 'applaudissements', 'soixante', 'doctrine', 'disciples,', 'appris’art', 'l’enseigner,', 'inspiré', 'confinement,']";" --> ['ministres', 'considérait,', 'pasé', 'ministres', 'l’appeller,', 'entit', 'consacra', 'disciples,', 'composa', 'Enseigner', 'Hill.', 'xj', 'persuader', 'proposait', 'd’amuser', 'courtisans', 'superficiels,', 'empire', 'l’exposîtion', 'simplicité', 'accessible', 'voulait', 'passager', 'emp-', 'Xxie', 'petits', 'impression', 'l’esprit', 'favoit', 'connaissance', 'solide', 'fur-tout', 'nécessité', 'présentant', 'persuader.', 'style', 'actifsîcr', 'précision', 'pourrait', 'souvenir.', 'préincision,', ""y'observe-"", 'difFusion', 'confusion', 'présenter', 'subtilité', 'expressions', 'forme', 'amuser,', 'applaudissements', 'soixante', 'doctrine', 'disciples,', 'appris’art', 'l’enseigner,', 'inspiré', 'confinement,']";;
insert;   file_1[521:521]; --> file_2[547:548];       []; --> ['zèle,'];;
equal ;   file_1[521:740]; --> file_2[548:767]; ['doctrine', 'ministres', 'd’intétion', 'nécessité', 'Chao-hongrie', 'dynastie,', 'illuStres', 'Chao-hongrie,', 's’étoit', 'successeurs', 'rétablissent', 'instituteurs', 'doéleurs', 'sujets.', 'construire', 'soixante', 'disciples', 'suffitôt', 'aujourd«', 'esprit,', 'incarc', 'quent,fe', 'fige', 'l’ef(ij', 'Hit.', 'foieries', 'ice', 'filles', 'consacrées', 'assurent', 'Hit.', 'déordres', 'pourra', 'sacrés', 'repose,', 'dynastie', 'dynastie,', 'xxx', 'philosophe,', 'reconnaître', 'disciple,', 'exposée', 'disciples,', 'Tudie', 'sixi', 'd’obscur,', 'enseigne', 'plusîeurs', 'Not’proche.', 'fftême', 'sophie', 'existe', 'feraient', 's’étoient', 'n’est', 'fftême', 'OBSERVATIONÏN-S.', 'ffrême', 'imprimé', 'Amsterdam', 'infî', 'peuté', 'françoise', 'serait', 'personnes', 'n’etats', 'XXX', '-chinoise.', 'Confucius,', 'Them-tfée.', 'puissance', 'rapport', 'essentiel', 'Infî,', 'rétablissement', 'c’est-àdire', 'rétablissement', 'raison,', 'raison', 'conduisent', 'semblables,', 'philosophe', 'aflî-bien', 'Juste', 'Tsée-sée,', 'suivre', 'juste', 'affecté.', 'n’est', 'raison', 'jusqu’à', 'redescend', 'conserve', 'juste', 'sciences,', 'eft,', 'philosophe', 'C’est', 'pensent', 'savants', 'c’est', 'Intercept', 'TradiTion', 'Julie', 'science', 'raisonnable', 'lorsqu’on', 'Ais', 'allions', 'raisonnable', 'c’est', 'rétablissant', 'surface', 'Lorsque', 'assez', 'parues', 'instructions', 'rétablissement', 'raisonnable,', 'obstacles', 'dérangeant', 'c’est:', 'à-peuplès', 'infl', 'n’étoit', 'mali', 'lorsqu’on', 'raisonnable,', 'cesser', 'entreprise', 'c’est', 'infî', 'cesse,', 'maison.', 'soutenu', 'connaissance,', 'Lorsque', 'distinguer', 'conféquent', 'choses', 'accessoire', 'd’entreprise', 'suivre', 's’exposer', 'méprise', 'voudrait', 'aurait', 'lecture', 'ensuite', 'entreprise', 'connaissance', 'suivirent,', 'composent,', 'raisonnable,', 'régnera', 'maison', 'maison,', 'pouvaient', 'affermifsant', 'raisonnement,', 'piquît', 'connaissance', 'choses,', 'c’est-à-dire', 'philosophie.', 'Ainsi', 'philosophie', 'base', 'portait', 'philosophie', 'connaissance', 'connaissance', 'dif-', 'rendement', 'déhonnêtc', 'connaissance', 'déhonnête,', 'connaissance', 'connaissance', 'naissent', 'philosophie', 'avoir', 'nécessaîrement', 'nécessairement', 'connaissance', 'maison', 'maison', 'établissant', 'causer', 'l’établissement', 'c’est', 'visiblement', 'philosophie', 'connaissances', 'l’esprit,', 'naissent', 'discipline', 'produisent', 'maison,', 'discipline', 'maison', 'Ainsi,', 'depuis’empereurjufqu’au', 'sujets,', 'mauvaises', 'maison,', 'c’est', 'sortir', 'deséché.', 'Lorsqu’après', 'entreprise', 'suivre', 'finitionétement', 'composent', 'maison,', 'sanguins,', 'voisins,', 'maison,', 'pourrait-il']; --> ['doctrine', 'ministres', 'd’intétion', 'nécessité', 'Chao-hongrie', 'dynastie,', 'illuStres', 'Chao-hongrie,', 's’étoit', 'successeurs', 'rétablissent', 'instituteurs', 'doéleurs', 'sujets.', 'construire', 'soixante', 'disciples', 'suffitôt', 'aujourd«', 'esprit,', 'incarc', 'quent,fe', 'fige', 'l’ef(ij', 'Hit.', 'foieries', 'ice', 'filles', 'consacrées', 'assurent', 'Hit.', 'déordres', 'pourra', 'sacrés', 'repose,', 'dynastie', 'dynastie,', 'xxx', 'philosophe,', 'reconnaître', 'disciple,', 'exposée', 'disciples,', 'Tudie', 'sixi', 'd’obscur,', 'enseigne', 'plusîeurs', 'Not’proche.', 'fftême', 'sophie', 'existe', 'feraient', 's’étoient', 'n’est', 'fftême', 'OBSERVATIONÏN-S.', 'ffrême', 'imprimé', 'Amsterdam', 'infî', 'peuté', 'françoise', 'serait', 'personnes', 'n’etats', 'XXX', '-chinoise.', 'Confucius,', 'Them-tfée.', 'puissance', 'rapport', 'essentiel', 'Infî,', 'rétablissement', 'c’est-àdire', 'rétablissement', 'raison,', 'raison', 'conduisent', 'semblables,', 'philosophe', 'aflî-bien', 'Juste', 'Tsée-sée,', 'suivre', 'juste', 'affecté.', 'n’est', 'raison', 'jusqu’à', 'redescend', 'conserve', 'juste', 'sciences,', 'eft,', 'philosophe', 'C’est', 'pensent', 'savants', 'c’est', 'Intercept', 'TradiTion', 'Julie', 'science', 'raisonnable', 'lorsqu’on', 'Ais', 'allions', 'raisonnable', 'c’est', 'rétablissant', 'surface', 'Lorsque', 'assez', 'parues', 'instructions', 'rétablissement', 'raisonnable,', 'obstacles', 'dérangeant', 'c’est:', 'à-peuplès', 'infl', 'n’étoit', 'mali', 'lorsqu’on', 'raisonnable,', 'cesser', 'entreprise', 'c’est', 'infî', 'cesse,', 'maison.', 'soutenu', 'connaissance,', 'Lorsque', 'distinguer', 'conféquent', 'choses', 'accessoire', 'd’entreprise', 'suivre', 's’exposer', 'méprise', 'voudrait', 'aurait', 'lecture', 'ensuite', 'entreprise', 'connaissance', 'suivirent,', 'composent,', 'raisonnable,', 'régnera', 'maison', 'maison,', 'pouvaient', 'affermifsant', 'raisonnement,', 'piquît', 'connaissance', 'choses,', 'c’est-à-dire', 'philosophie.', 'Ainsi', 'philosophie', 'base', 'portait', 'philosophie', 'connaissance', 'connaissance', 'dif-', 'rendement', 'déhonnêtc', 'connaissance', 'déhonnête,', 'connaissance', 'connaissance', 'naissent', 'philosophie', 'avoir', 'nécessaîrement', 'nécessairement', 'connaissance', 'maison', 'maison', 'établissant', 'causer', 'l’établissement', 'c’est', 'visiblement', 'philosophie', 'connaissances', 'l’esprit,', 'naissent', 'discipline', 'produisent', 'maison,', 'discipline', 'maison', 'Ainsi,', 'depuis’empereurjufqu’au', 'sujets,', 'mauvaises', 'maison,', 'c’est', 'sortir', 'deséché.', 'Lorsqu’après', 'entreprise', 'suivre', 'finitionétement', 'composent', 'maison,', 'sanguins,', 'voisins,', 'maison,', 'pourrait-il'];;
insert;   file_1[740:740]; --> file_2[767:768];       []; --> ['zèle,'];;
equal ;   file_1[740:1027]; --> file_2[768:1055];" ['nécessaires', 'maison,', 'voies&', 'VOILA', 'science', 'Fun-tfée,', ""ily'adjoint"", 'transmis', 'claviîques.', 'Fun-tfée', 'science', 'renouvellement', 'des’éleveràperfection', 'nécessité', 'distinguer’accessoire', 'nécessité', 'It', 'choses', 'lanéreflîté', 'lanéseraité', 'maison', 'néceïïté', 'maison', 'éclaircissements', 'fpéculations', 'impossible', 'desquels', 'plusieurs', 'raisonnable', 'LesïdeviEnt-ven,', 'illustre', 'raisonnable,', 'préserver', 'pouvoir', 'l’obscurcir.', 'regardait', 'dynastie,', 'disent', 'ensuite', 'délibèrent', 'Tition', 'rétablissement', 'ministre', 'représentations', 's’exploit', 'insensible.', 'ministre,', 'n’est', 'mauvaises', 'fépulture', 'Chin-tac', 'instructions', 'raison,', 'Clin,', 'n’avoit', 'Sang', 'raisonnable,', 'lorsque', 'proposeront', 'Y-a-o.', 'rétablissant', 'raisonnable,', 'discrétion,', 'avoient', 'mauvaise', 'reuse', 'soitême,', 'Chin-tang,', 'lavoir', 'visage', 'portait', 'assez', 'devait', 'l’intrus""t.ion,', 'religieuses', 'instructions', 'ministres', 'n’est', 'peuplier', 'n’est', 'suivit', 'Venant', 'renouvelle', 'renouvelle', 'c’est', 'Clin-king', 'jusqu’à', 'Hev-eié', 'soutient', 'imP', 'croyaient', 'c’étitans', 'troisîeme', 'puisse', 'district', 'stades,', 'espace', 'constamment', 'paisible«', 'connaissances', 'Clin-king', 'savent', 'enfermés', 'oiseaux', 'n’est-il', 'avoir', 'présentement', 'jette', 'Venant', 'publi«', 'place«', 'tendait', 'blocs', 'perteûion', 'toute', 'suivez', 'Venant', 'souverain,', 'tendresse', 'sujet,', 'subordination', 'refpeâpoule', 'souverain', 'roseaux', 'croisent', 'verdict', 'C’est', 'l’atelier', 'considérez', 'fie,', 'ensuite', 'ensuite', 'l’émeryl:', 'fagacité', 'proc', 'Venant', 'fie,', 'ensuite', 'sciences', ""poe'te,"", 'cesé', 'néssliçrence', 'diffraction,', 'connaissances', 'acquises,', 'devait', 'acc.niers', 'majesté', 'répandit', 'personne,', 'inspirait', 'voyaient', 'conclutîon,', 'of«', 's’étoit', 'raisonnable,', 'impression', 'respect', 'souvenir.', 'lire', 'lustre', 'ensevelies', 'préfente', 'esprits', 'jusqu’ànous,', 'personne,', 'suivi', 'transmis', 'd’enseignements', 'postérité', 'jouissent', 'établissements,', 'institutions', 'illustres', 'choses', ""i'ac-"", 'cessaire&principal,', 'pourrons', 'c’est', 'foisême', 'inspirer', 'sentiment', 'fausseté,', 'n’ont', 'lorsqu’un', 'raisonnable,', 'sociales,', 'desquels', 'approbation,', 'osent', 'aspirer', 'considération', 'bannifsent', 'coeur', 'naissent', 'C’est', 'l’accessoire', 'jurisprudence', 'justice', 'Fun-tfée', 'expliquait', 'connaissance', 'choses.', 'substituées', 'produisent', 'l’esprit.', 'dispositions', 'suffit', 'méprises', 'illusions', 'déguisement', 'l’imposture', 'ainsi', 'faisantétion', 'fausseté', 'GRAND’Ê', 'SCruTIn,', 'n’est', 'solitude', 'déguisement,', 'diffîmulation,', 'fincéritélapsus', 'présomptueux', 'qu’infectés', 'lorsqu’ils', 'seuls', 'agissent', 'refusent', 'physionomie', 'ressources,', 'affectionne', 'expressions.', 'choses,', 'essence,', 'liaisons,', 'fausses', 'lesquelles', 'puisse', 'manifeste', 'observent.', 'puisque', 'semble,', 's’observer', 'lourds', 'Ainsi.suffitêt', 'l’expression', 'maison,', 'aversion', 'Ainsi', 'chose', 'l’aversion', 'lorsque', 'tristesse,', 'imposent', 'paration,', 'absolument', 'usageégitime,', 'conserver', 'représenter', 'LAGRANGE', 'ainsi,', 'paulîons', 'Lorsque', 'douter', 'déordre', 'l’organisation', 'difeerne', 'Ei', 'fonctions', 'maison,', 'lorsque', 'Lorsqu’un', 'maison', 'discipline', 'signifie', 'domestique', 'suggestions', 'sentiments', 'raison,', 'respect:', 'commisération', 'assuré,', 'raisonnable,', 'chose', 'mauvaise,', 'méprisable', 'perfonneneconnoîtles']";" --> ['nécessaires', 'maison,', 'voies&', 'VOILA', 'science', 'Fun-tfée,', ""ily'adjoint"", 'transmis', 'claviîques.', 'Fun-tfée', 'science', 'renouvellement', 'des’éleveràperfection', 'nécessité', 'distinguer’accessoire', 'nécessité', 'It', 'choses', 'lanéreflîté', 'lanéseraité', 'maison', 'néceïïté', 'maison', 'éclaircissements', 'fpéculations', 'impossible', 'desquels', 'plusieurs', 'raisonnable', 'LesïdeviEnt-ven,', 'illustre', 'raisonnable,', 'préserver', 'pouvoir', 'l’obscurcir.', 'regardait', 'dynastie,', 'disent', 'ensuite', 'délibèrent', 'Tition', 'rétablissement', 'ministre', 'représentations', 's’exploit', 'insensible.', 'ministre,', 'n’est', 'mauvaises', 'fépulture', 'Chin-tac', 'instructions', 'raison,', 'Clin,', 'n’avoit', 'Sang', 'raisonnable,', 'lorsque', 'proposeront', 'Y-a-o.', 'rétablissant', 'raisonnable,', 'discrétion,', 'avoient', 'mauvaise', 'reuse', 'soitême,', 'Chin-tang,', 'lavoir', 'visage', 'portait', 'assez', 'devait', 'l’intrus""t.ion,', 'religieuses', 'instructions', 'ministres', 'n’est', 'peuplier', 'n’est', 'suivit', 'Venant', 'renouvelle', 'renouvelle', 'c’est', 'Clin-king', 'jusqu’à', 'Hev-eié', 'soutient', 'imP', 'croyaient', 'c’étitans', 'troisîeme', 'puisse', 'district', 'stades,', 'espace', 'constamment', 'paisible«', 'connaissances', 'Clin-king', 'savent', 'enfermés', 'oiseaux', 'n’est-il', 'avoir', 'présentement', 'jette', 'Venant', 'publi«', 'place«', 'tendait', 'blocs', 'perteûion', 'toute', 'suivez', 'Venant', 'souverain,', 'tendresse', 'sujet,', 'subordination', 'refpeâpoule', 'souverain', 'roseaux', 'croisent', 'verdict', 'C’est', 'l’atelier', 'considérez', 'fie,', 'ensuite', 'ensuite', 'l’émeryl:', 'fagacité', 'proc', 'Venant', 'fie,', 'ensuite', 'sciences', ""poe'te,"", 'cesé', 'néssliçrence', 'diffraction,', 'connaissances', 'acquises,', 'devait', 'acc.niers', 'majesté', 'répandit', 'personne,', 'inspirait', 'voyaient', 'conclutîon,', 'of«', 's’étoit', 'raisonnable,', 'impression', 'respect', 'souvenir.', 'lire', 'lustre', 'ensevelies', 'préfente', 'esprits', 'jusqu’ànous,', 'personne,', 'suivi', 'transmis', 'd’enseignements', 'postérité', 'jouissent', 'établissements,', 'institutions', 'illustres', 'choses', ""i'ac-"", 'cessaire&principal,', 'pourrons', 'c’est', 'foisême', 'inspirer', 'sentiment', 'fausseté,', 'n’ont', 'lorsqu’un', 'raisonnable,', 'sociales,', 'desquels', 'approbation,', 'osent', 'aspirer', 'considération', 'bannifsent', 'coeur', 'naissent', 'C’est', 'l’accessoire', 'jurisprudence', 'justice', 'Fun-tfée', 'expliquait', 'connaissance', 'choses.', 'substituées', 'produisent', 'l’esprit.', 'dispositions', 'suffit', 'méprises', 'illusions', 'déguisement', 'l’imposture', 'ainsi', 'faisantétion', 'fausseté', 'GRAND’Ê', 'SCruTIn,', 'n’est', 'solitude', 'déguisement,', 'diffîmulation,', 'fincéritélapsus', 'présomptueux', 'qu’infectés', 'lorsqu’ils', 'seuls', 'agissent', 'refusent', 'physionomie', 'ressources,', 'affectionne', 'expressions.', 'choses,', 'essence,', 'liaisons,', 'fausses', 'lesquelles', 'puisse', 'manifeste', 'observent.', 'puisque', 'semble,', 's’observer', 'lourds', 'Ainsi.suffitêt', 'l’expression', 'maison,', 'aversion', 'Ainsi', 'chose', 'l’aversion', 'lorsque', 'tristesse,', 'imposent', 'paration,', 'absolument', 'usageégitime,', 'conserver', 'représenter', 'LAGRANGE', 'ainsi,', 'paulîons', 'Lorsque', 'douter', 'déordre', 'l’organisation', 'difeerne', 'Ei', 'fonctions', 'maison,', 'lorsque', 'Lorsqu’un', 'maison', 'discipline', 'signifie', 'domestique', 'suggestions', 'sentiments', 'raison,', 'respect:', 'commisération', 'assuré,', 'raisonnable,', 'chose', 'mauvaise,', 'méprisable', 'perfonneneconnoîtles']";;
insert;   file_1[1027:1027]; --> file_2[1055:1056];       []; --> ['hait.'];;
equal ;   file_1[1027:1296]; --> file_2[1056:1325];" ['confiné', 'richesse', 'tendresse', 'royal«', 'maison', 'discipline', 'domestique,', 'maison', 'SCÎÏNCÏ.', 'duite&pardon', 'maison', 'sortir', 'n’est:', 'souverain', 'perde', 'maison', 'sujets', 'souverain', 'l’obéissance,', 'magistrats', 'reprisït', 'SCIÎCI,', 'Leurs', 'souverain', 'sujets,', 'tendresse,', 'sollicitude', 'préserver', 'besoins', 'refuse', 'pourra', 'tendresse', 'n’etats', 'l’existence', 'puissante', 'auraitôt', 'nécessairement.', 'Ainsi,', 'l’exemple', 'naissent', 'sentiments,', 'passer', '[es', 'poison', 'l’injusTice,', 'dissolution,', 'cause,', 'c’est', 'disant', 'sauver.', 'avoient', 'tendresse', 'injustes', 'déordre', 'saufé', 'renverfa', 'C’est', 'inspirer', 'bienfaisance', 'n’est.', 'Infî,', 'lorsqu’unprincefageveut', 'sujets', 'prescrire,', 'proscrire', 'irLANDE', 'l’obéissance', 'sujets,', 'lorsqu’ilcommandera', 'refuse.', 'c’est', 'administration', 'maison', 'maison,', 'puissant', 'coupe', 'belle', 'petite,', 'femme', 'maison', 'maison', 'l’impression', 'inspire', 'ressembler', 'ainsi:', 'offrait', 'maison', 'maison,', 'inspirer', 'nag-e:', 'illustre', 'affaiblité', 'qua«', 'sujets', 'tendresse', 's’empressera', 'c’est', 'maison,', 'paroisse', 'domestiques.', 'administration', 'ïii', 'tout’emc', 'l’inférieur', 'supérieurs,', 'avaItôt', 'JLA', 'connaissant', 'suffitôt', 'instruit', 'commisération', 'fenîbilité', 'ill’pour', 'maison', 'sujets', 'Lorsqu’unie', 'ref-', 'semblent,', 'esprit,', 'naissent', 'L’artiste', 'mesure', 'mesure', 'esprits', 'Esprit', 'servir', 'supérieur,', 'suivront', 'verront', 'instruments', 'destinés', 'fècc', 'fassent', 'tendresse', 'affétions', 'mesurer', 'esprits.', 'n’el:', 'esprits', 'ministre', 'issu', 'l’illustre', 'esprits.', 'hérifsées,', 'inc', 'flecîateur.', 'superbe', 'SCIENCEÏ.', 'l’apprçoit', 'taient,', 'lorsqu’ils', 'jules', 'irriter', 'esprits', 'puissance', 'absolue', 'emp«', 'dynastie', 'fuite', 'inspirations', 'raison,', 'toient,', 'lorsque', 'deScendants', 'raiSon', 'devance', 'puce', 'gardez-vous', 'former.exactement', 'suprême', 'renverse', 'expressément,', 'l’histoire,', 'raisonnable,', 'raisonnable,', 'heureusement', 'prospérité', 'conservation', 'c’est', 'pour', 'secondaire,', 'portent', 'estime', 'n’est', 'secondaire,', 'infî', 'sujets', 'l’injustice', 'Infî', 'amasser', 'richesses', 'l’esprit', 'richesses', 'amassant', 'richesses,', 'richesses', 'sujets,', 'richesses.', 'Venant', 'seul.', 'lignifie', 'richesses', 'au-dessus', 'richesses.', 'ministre', 'ambassade', 'Kanji,', 'reTour.', 'l’ambassadeur,', 'n’estimons', 'Kanji', 'tendait', 'sortit', 'plusieurs', ""SO'"", 'venir', 'conseilla,', 'prefsa', 'reconnaître', 'souverain', 'naissance', 'rejeta', 'conseils,', 'disant', 'fe""', 'fectures', 'effet', 'déflation', 'richesses.', 'lesquels', 'ministre', 'propose', 'ministre', 'Hongkong', 'proposait', 'choisir,', 'Cin,', 'conseil', 'ministre,', 'Supposons,', 'ministre', 'XA', 'G1AND1', 'reconnaît,', 'liens', 'ministre', 'proposer', 'conserver', 'Supposons,', 'ministre', 'desseins,', 'choisira', 'proposera', 'rence', 'foutre', 'semblable', 'ministre.', 'choisir', 'conseillers', 'litres', 'pertes', 'pertes', 'perverfité', 'société', 'c’est', 'disant', 'fute', 'haïr.', 'l’élevé']";" --> ['confiné', 'richesse', 'tendresse', 'royal«', 'maison', 'discipline', 'domestique,', 'maison', 'SCÎÏNCÏ.', 'duite&pardon', 'maison', 'sortir', 'n’est:', 'souverain', 'perde', 'maison', 'sujets', 'souverain', 'l’obéissance,', 'magistrats', 'reprisït', 'SCIÎCI,', 'Leurs', 'souverain', 'sujets,', 'tendresse,', 'sollicitude', 'préserver', 'besoins', 'refuse', 'pourra', 'tendresse', 'n’etats', 'l’existence', 'puissante', 'auraitôt', 'nécessairement.', 'Ainsi,', 'l’exemple', 'naissent', 'sentiments,', 'passer', '[es', 'poison', 'l’injusTice,', 'dissolution,', 'cause,', 'c’est', 'disant', 'sauver.', 'avoient', 'tendresse', 'injustes', 'déordre', 'saufé', 'renverfa', 'C’est', 'inspirer', 'bienfaisance', 'n’est.', 'Infî,', 'lorsqu’unprincefageveut', 'sujets', 'prescrire,', 'proscrire', 'irLANDE', 'l’obéissance', 'sujets,', 'lorsqu’ilcommandera', 'refuse.', 'c’est', 'administration', 'maison', 'maison,', 'puissant', 'coupe', 'belle', 'petite,', 'femme', 'maison', 'maison', 'l’impression', 'inspire', 'ressembler', 'ainsi:', 'offrait', 'maison', 'maison,', 'inspirer', 'nag-e:', 'illustre', 'affaiblité', 'qua«', 'sujets', 'tendresse', 's’empressera', 'c’est', 'maison,', 'paroisse', 'domestiques.', 'administration', 'ïii', 'tout’emc', 'l’inférieur', 'supérieurs,', 'avaItôt', 'JLA', 'connaissant', 'suffitôt', 'instruit', 'commisération', 'fenîbilité', 'ill’pour', 'maison', 'sujets', 'Lorsqu’unie', 'ref-', 'semblent,', 'esprit,', 'naissent', 'L’artiste', 'mesure', 'mesure', 'esprits', 'Esprit', 'servir', 'supérieur,', 'suivront', 'verront', 'instruments', 'destinés', 'fècc', 'fassent', 'tendresse', 'affétions', 'mesurer', 'esprits.', 'n’el:', 'esprits', 'ministre', 'issu', 'l’illustre', 'esprits.', 'hérifsées,', 'inc', 'flecîateur.', 'superbe', 'SCIENCEÏ.', 'l’apprçoit', 'taient,', 'lorsqu’ils', 'jules', 'irriter', 'esprits', 'puissance', 'absolue', 'emp«', 'dynastie', 'fuite', 'inspirations', 'raison,', 'toient,', 'lorsque', 'deScendants', 'raiSon', 'devance', 'puce', 'gardez-vous', 'former.exactement', 'suprême', 'renverse', 'expressément,', 'l’histoire,', 'raisonnable,', 'raisonnable,', 'heureusement', 'prospérité', 'conservation', 'c’est', 'pour', 'secondaire,', 'portent', 'estime', 'n’est', 'secondaire,', 'infî', 'sujets', 'l’injustice', 'Infî', 'amasser', 'richesses', 'l’esprit', 'richesses', 'amassant', 'richesses,', 'richesses', 'sujets,', 'richesses.', 'Venant', 'seul.', 'lignifie', 'richesses', 'au-dessus', 'richesses.', 'ministre', 'ambassade', 'Kanji,', 'reTour.', 'l’ambassadeur,', 'n’estimons', 'Kanji', 'tendait', 'sortit', 'plusieurs', ""SO'"", 'venir', 'conseilla,', 'prefsa', 'reconnaître', 'souverain', 'naissance', 'rejeta', 'conseils,', 'disant', 'fe""', 'fectures', 'effet', 'déflation', 'richesses.', 'lesquels', 'ministre', 'propose', 'ministre', 'Hongkong', 'proposait', 'choisir,', 'Cin,', 'conseil', 'ministre,', 'Supposons,', 'ministre', 'XA', 'G1AND1', 'reconnaît,', 'liens', 'ministre', 'proposer', 'conserver', 'Supposons,', 'ministre', 'desseins,', 'choisira', 'proposera', 'rence', 'foutre', 'semblable', 'ministre.', 'choisir', 'conseillers', 'litres', 'pertes', 'pertes', 'perverfité', 'société', 'c’est', 'disant', 'fute', 'haïr.', 'l’élevé']";;
insert;   file_1[1296:1296]; --> file_2[1325:1326];       []; --> ['l’y'];;
equal ;   file_1[1296:1342]; --> file_2[1326:1372]; ['méprise.', 'conserve', 'quelque', 'estime', 'defïre', 'c’est', 'insensés', 'insensés', 'c’est', 'simples', 'raison,', 'sentiments', 'justice', 'souverain', 'dit', 'jusqu’ici', 'existe', 'mesurer', 'Leur', 'lorsque', 'desire', 'suivre', 'raison', 'aflîtôt', 'diffamation', 'mépartir', 'richesses', 'soutenir', 'maison,', 'dépenses', 'l’administration', 'souverain', 'simple,', 'suivantes.', 'souverain', 'produisent', 'richesses', 'lesH', 'dispensent', 'souverain,', 'propose', 'recours', 'richesses', 'méprise', 'richesses', 'richesses']; --> ['méprise.', 'conserve', 'quelque', 'estime', 'defïre', 'c’est', 'insensés', 'insensés', 'c’est', 'simples', 'raison,', 'sentiments', 'justice', 'souverain', 'dit', 'jusqu’ici', 'existe', 'mesurer', 'Leur', 'lorsque', 'desire', 'suivre', 'raison', 'aflîtôt', 'diffamation', 'mépartir', 'richesses', 'soutenir', 'maison,', 'dépenses', 'l’administration', 'souverain', 'simple,', 'suivantes.', 'souverain', 'produisent', 'richesses', 'lesH', 'dispensent', 'souverain,', 'propose', 'recours', 'richesses', 'méprise', 'richesses', 'richesses'];;
insert;   file_1[1342:1342]; --> file_2[1372:1373];       []; --> ['zélé'];;
equal ;   file_1[1342:1554]; --> file_2[1373:1585]; ['conservation', 'conscience', 'Bien-', 'ministre', 'ministre', 'souverain', 'SCIENCE…', 'ruf-', 'ministres', 'considéra-', 'pasteurs.', 'ministres', 'puce', 'fournissent', 'SCIENCE.', 'parcequ’union', 'acteurs', 'ministre', 'prouvait', 'n’est', 'conseillés', 'perdu.dent', 'faite', 'soutenir.', 'jamais.il', 'confirmer', 'offrir', 'partiront', 'descendre', 'sortir', 'faut', 'LR^AffiL-PEU', 'JLA', 'instant', 'floride', 'pouvoir', 'sortir', 'destination,.', 'servir', 'suivre', 'destination.', 'sensibles', 'environné,', 'soigneusement', 'utilis', 'sensibles', 'c’est', 'moule-.', 'rience', 'visible', 'rience', 'subtil.', 'recettes', 'naissance,', 'insensibles', 'suivre,', 'Iii', 'effac', 'douter', 'drift’esse', 'passions', 'juste', 'raison.', 'Lorsqu’elles', 'sortir', 'fon-', 'juste', 'ION', 'raison', 'raisonnable.', 'constitue', 'action', 'assuré', 'puisque', 'raisonnable.', 'conserver', 'raison', 'sortir', 'C’est', 'chose', 'c’est', 'croisent', 'silence', 'choses', 'juste', 'l’insensé', 'ION', 'suivre', 'juste', 'prescrit', 'raison.', 'L’insensé,', 'secrets', 'del’connecteé', 'I06', 'juste', 'et-il', 'raison', 'savants', 'philo&ches,', 's’estiment', 'assez', 'personnes', 'conomie-', 'raison', 'fagacité', 'simples', 'connoître.', 'Ainsi', 'préfente', 'd’instant', 'd’usage,', 'personne', 'réfléchisse', 'Ainsi', 'connaissent', 'assez', 'bouffon', 'discerner', 'seul.', 'constamment', 'juste', 'juste', 'suivie', 'constamment', 'Jette', 'polîble', 'juste', 'suivre', 'constamment.', 'aimait', 'consulter,', 'conseils', 'subtils', 'discours', 'raisonnements', 'silence', 'apercevoir', 'conseils', 'voyait', 'conseils', 'produisent', 'raisons', 'examinait', 'ensuite', 'point', 'réduisait', 'juste', 'réglait,', 'Lib.U,', 'Examiner', 'n’est', 'iîelles.', 'futîime', 'essayez', 'distingue', 'nuisible,', 'suffitôt', 'connaissances,', 'semblables', 'oiseaux', 'passages,', 'poursuivre', 'fausse', 'puisse', 'lorsqu’elle', 'préfente', 'juste', 'assez', 'fagacité,', 'Kin', 'suivre.', 'juste', 'résolu', 'suivre,', 'suffitôt', 'résolutions.', 'légers,aveugles,présomptueux,', 'cherchait', 'choses,', 'polîble,', 'juste', 'attachait,', 'l’ouBlier', 'II', 'n’est', 'méprisent', 'richesses,', 'refusent', 'distinguer', 'fute', 'suivre', 'constamment', 'Tu-lu,', 'estimait', 'persuadé', 'c’étoit', 'rendit', 'sentateurs', 'juste', 'demandait', 'C’confucius', 'c’étoit', 'l’ame.', 'avoir,', 'c’est', 'disciples&', 'delayàgefse', 'l’essence', 'absolument', 'confirmer', 'supporter']; --> ['conservation', 'conscience', 'Bien-', 'ministre', 'ministre', 'souverain', 'SCIENCE…', 'ruf-', 'ministres', 'considéra-', 'pasteurs.', 'ministres', 'puce', 'fournissent', 'SCIENCE.', 'parcequ’union', 'acteurs', 'ministre', 'prouvait', 'n’est', 'conseillés', 'perdu.dent', 'faite', 'soutenir.', 'jamais.il', 'confirmer', 'offrir', 'partiront', 'descendre', 'sortir', 'faut', 'LR^AffiL-PEU', 'JLA', 'instant', 'floride', 'pouvoir', 'sortir', 'destination,.', 'servir', 'suivre', 'destination.', 'sensibles', 'environné,', 'soigneusement', 'utilis', 'sensibles', 'c’est', 'moule-.', 'rience', 'visible', 'rience', 'subtil.', 'recettes', 'naissance,', 'insensibles', 'suivre,', 'Iii', 'effac', 'douter', 'drift’esse', 'passions', 'juste', 'raison.', 'Lorsqu’elles', 'sortir', 'fon-', 'juste', 'ION', 'raison', 'raisonnable.', 'constitue', 'action', 'assuré', 'puisque', 'raisonnable.', 'conserver', 'raison', 'sortir', 'C’est', 'chose', 'c’est', 'croisent', 'silence', 'choses', 'juste', 'l’insensé', 'ION', 'suivre', 'juste', 'prescrit', 'raison.', 'L’insensé,', 'secrets', 'del’connecteé', 'I06', 'juste', 'et-il', 'raison', 'savants', 'philo&ches,', 's’estiment', 'assez', 'personnes', 'conomie-', 'raison', 'fagacité', 'simples', 'connoître.', 'Ainsi', 'préfente', 'd’instant', 'd’usage,', 'personne', 'réfléchisse', 'Ainsi', 'connaissent', 'assez', 'bouffon', 'discerner', 'seul.', 'constamment', 'juste', 'juste', 'suivie', 'constamment', 'Jette', 'polîble', 'juste', 'suivre', 'constamment.', 'aimait', 'consulter,', 'conseils', 'subtils', 'discours', 'raisonnements', 'silence', 'apercevoir', 'conseils', 'voyait', 'conseils', 'produisent', 'raisons', 'examinait', 'ensuite', 'point', 'réduisait', 'juste', 'réglait,', 'Lib.U,', 'Examiner', 'n’est', 'iîelles.', 'futîime', 'essayez', 'distingue', 'nuisible,', 'suffitôt', 'connaissances,', 'semblables', 'oiseaux', 'passages,', 'poursuivre', 'fausse', 'puisse', 'lorsqu’elle', 'préfente', 'juste', 'assez', 'fagacité,', 'Kin', 'suivre.', 'juste', 'résolu', 'suivre,', 'suffitôt', 'résolutions.', 'légers,aveugles,présomptueux,', 'cherchait', 'choses,', 'polîble,', 'juste', 'attachait,', 'l’ouBlier', 'II', 'n’est', 'méprisent', 'richesses,', 'refusent', 'distinguer', 'fute', 'suivre', 'constamment', 'Tu-lu,', 'estimait', 'persuadé', 'c’étoit', 'rendit', 'sentateurs', 'juste', 'demandait', 'C’confucius', 'c’étoit', 'l’ame.', 'avoir,', 'c’est', 'disciples&', 'delayàgefse', 'l’essence', 'absolument', 'confirmer', 'supporter'];;
insert;   file_1[1554:1554]; --> file_2[1585:1586];       []; --> ['outrages'];;
equal ;   file_1[1554:1793]; --> file_2[1586:1825];" ['injustes', 'II', 'lunanimité', 'raison,', 'faible', 'aspirer', 'fameuse.', 'confirmer', 'suffi', 'asn’éable', 'cuirasse', 'tristesse', 'robustes', 'estiment', 'naissent', 'fang,', 'raison', 'cause', 'fameuse.', 'Ainsi', 'consulter', 'société', 'perverfe,', 'juste', 'constamment', 'lorsqu’on', 'modestie', 'conserver', 'confusîon', 'caraâpresque', 'constituent', 'fameuse.', 'personnes', 'juste', 'confirmer', 'choses', 'allions', 'fausse', 'impose', 'postérité.', 'avoir', 'juste', 'prescrit', 'avoir,', 'juste', 'suivi,', 'course,', 'Ainsi', 'constamment', 'JUSTE', 'fîelle,', 'n’est', 'science', 'consommée', 'aspirer', 'science', 'juste', 'immense', 'usage', 'secrets', 'Infî', 'puissent,', 'dodrine', 'juste', 'embrafsertoutl’ensemble.', 'juste', 'connaissance', 'paresseux,', 'atOme', 'suivre', 'observer', 'prescrit', 'prescrit', 'suivre', 'juste', 'assez', 'vaste', 'grandeur', 'subtilité', 'diviser.', 'raisonnables', 'suivre', 'prescrit', 'jusqu’à', 'juste', 'descend', 'simple,', 'bases', 'juste', 'connaissance', 'n’est', 'puisqu’elle', 'Il', 'suivre', 'juste', 'vie', 'Lorsque', 'ensuite', 'caraétre', 'pourdiriger,former&perfectionner', 'diftinctement', 'besoins,', 'qu’clareçusd', 'n’est', 'juste', 's’assurer', 'prescrit', 'besoins,', 'Ii8', 'phrase', 'C’est', 'fut-<:', 'délicatesse', 'j’exigeons', 'XE', 'société', 'l’accomplissement', 'expression,', 'discours', 's’assurer', 'discrétion', 'choses', 'partieès,', 'préfente', 'esprit,', 'agisse', 'circonfétion,', 'discours', 'discours,', 'fausseté', 'contradiction', 'difcordance', 'n’est-il', 'proposer', 'aspirent', 'n’est', 'fon.', 'n’aspire', 'richesses,', 'n’mettra', 'fasse', 'semblable', 'possédant', 'pour>', 'transports', 'refusent', 'desire.', 'Infî', 'parTie', 'L’insensé,', 's’embarrasse', 's’expose', 'au-dessus', 'l’insensé', 'milieudes', 'jette', 'semblable', 'sommet', 'Lorsque', 'd’instruments', 'symphonie', 'Mis', 'Ilî', 'n’avoient', ""coeur'&"", 'maison', '(pendance', 'faisantâion', 'considérant', 'n’est', 'faisantâion', 'épouse,', 'inspire', 'c’est-à-dire', 'l’accomplissement', 'simples', 'jusqu’à', 'puissance', 'l’apercevoir', 'lorsque', 'sacrifices,', 'profitent,', 'supposant', 'raison', 'd’espérer', 'par-ià', 'invitîble', 'manifester', 'puissance', 'invisible', 'eft,', 'existe&', 'manifeste', 'puissance', 'ainsi,', 'juste', 'subtile', 'sensible,', 'lumineuse.', 'Lorsque', 'illustre', 'I4O', 'JUSTE', 'lorsque', 'c’est', 'possédantes', 'assura', 'rendit', 'filles', 'consacra', 'usage:', 'descendants,', 'Infï', 'Chien', 'richesses,', 'fîgulier', 'C’terrainî,', 'récompense', 'diversité', 'sujets', 'faible', 'mauvaises', 'n’étoit', 'magistrats,', 'succès', 'lacc', 'ainî', 'l’éleât', 'Lorsqu’il', 'recours', 'jusqu’à', 'l’illustre', 'Veuve', 'd’ame&', 'détruisant', 'Chez.', 'succès', 'vassal,', 'jouissait']";" --> ['injustes', 'II', 'lunanimité', 'raison,', 'faible', 'aspirer', 'fameuse.', 'confirmer', 'suffi', 'asn’éable', 'cuirasse', 'tristesse', 'robustes', 'estiment', 'naissent', 'fang,', 'raison', 'cause', 'fameuse.', 'Ainsi', 'consulter', 'société', 'perverfe,', 'juste', 'constamment', 'lorsqu’on', 'modestie', 'conserver', 'confusîon', 'caraâpresque', 'constituent', 'fameuse.', 'personnes', 'juste', 'confirmer', 'choses', 'allions', 'fausse', 'impose', 'postérité.', 'avoir', 'juste', 'prescrit', 'avoir,', 'juste', 'suivi,', 'course,', 'Ainsi', 'constamment', 'JUSTE', 'fîelle,', 'n’est', 'science', 'consommée', 'aspirer', 'science', 'juste', 'immense', 'usage', 'secrets', 'Infî', 'puissent,', 'dodrine', 'juste', 'embrafsertoutl’ensemble.', 'juste', 'connaissance', 'paresseux,', 'atOme', 'suivre', 'observer', 'prescrit', 'prescrit', 'suivre', 'juste', 'assez', 'vaste', 'grandeur', 'subtilité', 'diviser.', 'raisonnables', 'suivre', 'prescrit', 'jusqu’à', 'juste', 'descend', 'simple,', 'bases', 'juste', 'connaissance', 'n’est', 'puisqu’elle', 'Il', 'suivre', 'juste', 'vie', 'Lorsque', 'ensuite', 'caraétre', 'pourdiriger,former&perfectionner', 'diftinctement', 'besoins,', 'qu’clareçusd', 'n’est', 'juste', 's’assurer', 'prescrit', 'besoins,', 'Ii8', 'phrase', 'C’est', 'fut-<:', 'délicatesse', 'j’exigeons', 'XE', 'société', 'l’accomplissement', 'expression,', 'discours', 's’assurer', 'discrétion', 'choses', 'partieès,', 'préfente', 'esprit,', 'agisse', 'circonfétion,', 'discours', 'discours,', 'fausseté', 'contradiction', 'difcordance', 'n’est-il', 'proposer', 'aspirent', 'n’est', 'fon.', 'n’aspire', 'richesses,', 'n’mettra', 'fasse', 'semblable', 'possédant', 'pour>', 'transports', 'refusent', 'desire.', 'Infî', 'parTie', 'L’insensé,', 's’embarrasse', 's’expose', 'au-dessus', 'l’insensé', 'milieudes', 'jette', 'semblable', 'sommet', 'Lorsque', 'd’instruments', 'symphonie', 'Mis', 'Ilî', 'n’avoient', ""coeur'&"", 'maison', '(pendance', 'faisantâion', 'considérant', 'n’est', 'faisantâion', 'épouse,', 'inspire', 'c’est-à-dire', 'l’accomplissement', 'simples', 'jusqu’à', 'puissance', 'l’apercevoir', 'lorsque', 'sacrifices,', 'profitent,', 'supposant', 'raison', 'd’espérer', 'par-ià', 'invitîble', 'manifester', 'puissance', 'invisible', 'eft,', 'existe&', 'manifeste', 'puissance', 'ainsi,', 'juste', 'subtile', 'sensible,', 'lumineuse.', 'Lorsque', 'illustre', 'I4O', 'JUSTE', 'lorsque', 'c’est', 'possédantes', 'assura', 'rendit', 'filles', 'consacra', 'usage:', 'descendants,', 'Infï', 'Chien', 'richesses,', 'fîgulier', 'C’terrainî,', 'récompense', 'diversité', 'sujets', 'faible', 'mauvaises', 'n’étoit', 'magistrats,', 'succès', 'lacc', 'ainî', 'l’éleât', 'Lorsqu’il', 'recours', 'jusqu’à', 'l’illustre', 'Veuve', 'd’ame&', 'détruisant', 'Chez.', 'succès', 'vassal,', 'jouissait']";;
insert;   file_1[1793:1793]; --> file_2[1825:1826];       []; --> ['n’eut'];;
equal ;   file_1[1793:1959]; --> file_2[1826:1992]; ['Chez', 'l’avoient', 'suivi', 'puisse', 'posséda', 'riches’es', 'assura', 'jouissance', 'consacrés', 'posséda', 'n’avoit', 'avoient', 'reTomb', 'I46', 'ministre,', 'fresques', 'ministre,', 'n’étoit', 'ministre,', 'feront', 'fresques', 'ministre', 'ministres,', 'dispensés.', 'aftreints', 'parcequ’on', 'prescrits,', 'jusqu’aux', 'n’outils', 'suivi', 'faceé', 'suivre', 'desseins,', 'avoient', 'suivirent', 'préparera', 'consacrée', 'exploit', 'vases', 'apportait', 'ventes', 'revêtoit', 'domestique,', 'présentait', 'faisons', 'Lorsqu’on', 'rendit', 'ministres', 'rendaient,', 'fussent', 'suivit', 'modifiîtion', 'l’inférieur.', 'distinguait', 'savants', 'l’étoient', 'l’étoient', 'feraient', 'modestie.', 'XE', 'observait', 'prenaient', 'ensemble', 'âses', 'subordination', 'suivirent', 'scrupuleusement', 'musique', 'avoient', 'IJ1', 'LE1JUSTE', 'avoient', 'eussent', 'n’étoient', 'observe', 'souverain', 'filles', 'J’esprit', 'suffi', 'N-gay-kum,froidE,', 'existent', 'lesquelles', 'suffitôt', 'ministres', 'semblables', 'ministres', 'IJ4', 'constitué', 's’empresse', 'd’inspirer', 'réurîr,', 'roseau', 'Ainsi', 'puisse', 'Venant', 'choisisse', 'ministres', 'choisir', 'ministres,', 'large', 'naissent', 'essentiels', 'société', 'l’accomplissement', 'inspire', 'C’est', 'semblables', 'constitue', 'c’est', 'sentiment,', 'n’etats', 'infini:', 'finitionétement', 'Lî', 'perc', 'diversité', 'respect', 'raison', 'semblables.', 'Ainsi', 'distinguer', 'Yie', 'l’accomplissement', 'sujet,de', 'essentielles', 'surface', 'nécessaires', 'naissent', 'universel', 'naissent', 'connaissance', 'connaissance,', 'connaissance', 'personnes', 'semblent', 'connaissances,', 'connaissance5', 'rience', 'Ois', 'semblent', 'raison', 'néreflîté', 'semblent', 'desire', 'fil', 'universel', 'universel', 'science', 'avoir', 'ii-', 'JUSTE', 'suivantes,', 'connaissance', 'souverains.', 'ministres', 'ministres', 'artisans', 'ambassadeurs.', 'Lorsqu’un', 'suivre', 'estime', 'l’administration', 'confirmant', 'çfaite', 'ministres', 'circonstances']; --> ['Chez', 'l’avoient', 'suivi', 'puisse', 'posséda', 'riches’es', 'assura', 'jouissance', 'consacrés', 'posséda', 'n’avoit', 'avoient', 'reTomb', 'I46', 'ministre,', 'fresques', 'ministre,', 'n’étoit', 'ministre,', 'feront', 'fresques', 'ministre', 'ministres,', 'dispensés.', 'aftreints', 'parcequ’on', 'prescrits,', 'jusqu’aux', 'n’outils', 'suivi', 'faceé', 'suivre', 'desseins,', 'avoient', 'suivirent', 'préparera', 'consacrée', 'exploit', 'vases', 'apportait', 'ventes', 'revêtoit', 'domestique,', 'présentait', 'faisons', 'Lorsqu’on', 'rendit', 'ministres', 'rendaient,', 'fussent', 'suivit', 'modifiîtion', 'l’inférieur.', 'distinguait', 'savants', 'l’étoient', 'l’étoient', 'feraient', 'modestie.', 'XE', 'observait', 'prenaient', 'ensemble', 'âses', 'subordination', 'suivirent', 'scrupuleusement', 'musique', 'avoient', 'IJ1', 'LE1JUSTE', 'avoient', 'eussent', 'n’étoient', 'observe', 'souverain', 'filles', 'J’esprit', 'suffi', 'N-gay-kum,froidE,', 'existent', 'lesquelles', 'suffitôt', 'ministres', 'semblables', 'ministres', 'IJ4', 'constitué', 's’empresse', 'd’inspirer', 'réurîr,', 'roseau', 'Ainsi', 'puisse', 'Venant', 'choisisse', 'ministres', 'choisir', 'ministres,', 'large', 'naissent', 'essentiels', 'société', 'l’accomplissement', 'inspire', 'C’est', 'semblables', 'constitue', 'c’est', 'sentiment,', 'n’etats', 'infini:', 'finitionétement', 'Lî', 'perc', 'diversité', 'respect', 'raison', 'semblables.', 'Ainsi', 'distinguer', 'Yie', 'l’accomplissement', 'sujet,de', 'essentielles', 'surface', 'nécessaires', 'naissent', 'universel', 'naissent', 'connaissance', 'connaissance,', 'connaissance', 'personnes', 'semblent', 'connaissances,', 'connaissance5', 'rience', 'Ois', 'semblent', 'raison', 'néreflîté', 'semblent', 'desire', 'fil', 'universel', 'universel', 'science', 'avoir', 'ii-', 'JUSTE', 'suivantes,', 'connaissance', 'souverains.', 'ministres', 'ministres', 'artisans', 'ambassadeurs.', 'Lorsqu’un', 'suivre', 'estime', 'l’administration', 'confirmant', 'çfaite', 'ministres', 'circonstances'];;
insert;   file_1[1959:1959]; --> file_2[1992:1993];       []; --> ['zèle,'];;
equal ;   file_1[1959:1981]; --> file_2[1993:2015]; ['recours', 'Lorsqu’il', 'proportionnel,', 'infî', 'touffant', 'affaiblité.', 'Lorsqu’il', 'transportés', 'Lorsqu’il', 'choses', 'nécessaires', 'Lorsqu’il', 'généroîté', 'service,', 'Lorsqu’il', 'modestes', 'inaccessible', 'préfente', 'mépriser', 'richesses,', 'estime.', 'unifie']; --> ['recours', 'Lorsqu’il', 'proportionnel,', 'infî', 'touffant', 'affaiblité.', 'Lorsqu’il', 'transportés', 'Lorsqu’il', 'choses', 'nécessaires', 'Lorsqu’il', 'généroîté', 'service,', 'Lorsqu’il', 'modestes', 'inaccessible', 'préfente', 'mépriser', 'richesses,', 'estime.', 'unifie'];;
insert;   file_1[1981:1981]; --> file_2[2015:2016];       []; --> ['haïr'];;
equal ;   file_1[1981:2024]; --> file_2[2016:2059]; ['haïsent.', 'ministres', 'exéts', 'ministres', 'subalternes', 'puissent', 'MILITO.', 'subalternes', 'franchise,', 'considérables.', 'n’imposer', 'lesquels', 'diligent,', 'récompense', 'diligent', 'l’estime', 'choses', 'lorsqu’ils', 'Pionnier,', 'moj’en', 'puissent', 'traverser', 'fortin', 'vertu', 'distinguée,', 'conserver', ';cr', 'ensuite', 'prescrits,', 'ministre', 'ministre', 'perSonnes', 'lorsqu’ils', 'présents,', 'générosité', '1-L', 'souverains', 'observer', 'c’eftde', 'révolution', 'suivre,', 'assuré', 'juste']; --> ['haïsent.', 'ministres', 'exéts', 'ministres', 'subalternes', 'puissent', 'MILITO.', 'subalternes', 'franchise,', 'considérables.', 'n’imposer', 'lesquels', 'diligent,', 'récompense', 'diligent', 'l’estime', 'choses', 'lorsqu’ils', 'Pionnier,', 'moj’en', 'puissent', 'traverser', 'fortin', 'vertu', 'distinguée,', 'conserver', ';cr', 'ensuite', 'prescrits,', 'ministre', 'ministre', 'perSonnes', 'lorsqu’ils', 'présents,', 'générosité', '1-L', 'souverains', 'observer', 'c’eftde', 'révolution', 'suivre,', 'assuré', 'juste']
insert;   file_1[2024:2024]; --> file_2[2059:2060];       []; --> ['ef-'];;
equal ;   file_1[2024:2151]; --> file_2[2060:2187]; ['fausseté,', 'dissimulation,', 'astuce.', 'nécessité', 'consulter', 'suivre', 'l’observation', 'base', 'résuffit', 'n’est', 'soutenu', 'consulté', 'suite,', 'sciences', 'fagacité.', 'précéder,', 'suivre', 'suivre', 'raison.', 'ministre', 'supérieurs.', 'sûpour', 'c’est', 'c’est', 'c’est', 'c’est', 'connaissance', 'Ainsi', 'raison', 'ditçue', 'd’esprit', 'constamment', 'l’impl-', 'juste', 'raison', 'c’est', 'aspire', 'difeerne', 'juste', 'c’est', 'aspire', 'choses', 'choses', 'l’obscurité,', 'consulte', 'questions', 'réponses', 'jusqu’à', 'comprises,', 'personnes', 'avoir', 'préfente', 'raison', 'jusqu’à', 'volutionï', 'Lorsque’on', 'passer', 'question', 'épuisé', 's’adresse', 'disputent', 'Lorsque', 'dieué', 'suffisamment', 'destin-', 'cesser', 'lorsque', 'connoîtra', 'divisîons.', 's’adresse', 'Lorsque', 'assurés', 'fpéculation', 'cesser', 'd’agir’après', 's’adresse', 'seul,', 'révolution,', 'faiblesse', 'perfection', 'connaissance', 'connaissance', 'connaissance', 'choses,', 'perfection,', 'acquise', 'recours', 'POSTE', 'nierie', 'acquise', 'acquise', 'science', 'raisonnable', 'actions.', 'instructions,', 'soutenues', 'comitître', 'raisonnable.', 'fenîbles', 'puisse', 'fa.destination', 'fftême', 'cinQ', 'fac', 'aspire', 'suivre', 'coeur', 'scrupuleusement', 'suivant', 'imprimeront', 'esprits,', 'féconder', 'Qui', 'I8lî', 'cetteévolution', 'c’est', 'esprit,', 'prefcience.', 'chocs', 'préagent', 'puissance', 'lorsqu’un', 'essuyer', 'déautres,', 'ministres', 'administrateurs', 'semblent']; --> ['fausseté,', 'dissimulation,', 'astuce.', 'nécessité', 'consulter', 'suivre', 'l’observation', 'base', 'résuffit', 'n’est', 'soutenu', 'consulté', 'suite,', 'sciences', 'fagacité.', 'précéder,', 'suivre', 'suivre', 'raison.', 'ministre', 'supérieurs.', 'sûpour', 'c’est', 'c’est', 'c’est', 'c’est', 'connaissance', 'Ainsi', 'raison', 'ditçue', 'd’esprit', 'constamment', 'l’impl-', 'juste', 'raison', 'c’est', 'aspire', 'difeerne', 'juste', 'c’est', 'aspire', 'choses', 'choses', 'l’obscurité,', 'consulte', 'questions', 'réponses', 'jusqu’à', 'comprises,', 'personnes', 'avoir', 'préfente', 'raison', 'jusqu’à', 'volutionï', 'Lorsque’on', 'passer', 'question', 'épuisé', 's’adresse', 'disputent', 'Lorsque', 'dieué', 'suffisamment', 'destin-', 'cesser', 'lorsque', 'connoîtra', 'divisîons.', 's’adresse', 'Lorsque', 'assurés', 'fpéculation', 'cesser', 'd’agir’après', 's’adresse', 'seul,', 'révolution,', 'faiblesse', 'perfection', 'connaissance', 'connaissance', 'connaissance', 'choses,', 'perfection,', 'acquise', 'recours', 'POSTE', 'nierie', 'acquise', 'acquise', 'science', 'raisonnable', 'actions.', 'instructions,', 'soutenues', 'comitître', 'raisonnable.', 'fenîbles', 'puisse', 'fa.destination', 'fftême', 'cinQ', 'fac', 'aspire', 'suivre', 'coeur', 'scrupuleusement', 'suivant', 'imprimeront', 'esprits,', 'féconder', 'Qui', 'I8lî', 'cetteévolution', 'c’est', 'esprit,', 'prefcience.', 'chocs', 'préagent', 'puissance', 'lorsqu’un', 'essuyer', 'déautres,', 'ministres', 'administrateurs', 'semblent'];;
insert;   file_1[2151:2151]; --> file_2[2187:2188];       []; --> ['l’égaler'];;
equal ;   file_1[2151:2260]; --> file_2[2188:2297]; ['l’associer', 'esprits.', 'C’el:', 'c’est', 'choses', 'chose', 'n’emb', 'l’obéissance,', 'choses.', 'aflî', 'laisse', 'l8l', 'mauvaise', 'affétion,', 'c’est', 'droite', 'absolue', 'contrat-*', 'c’est', 'manifeste,', 'c’est', 'entreprise,', 'splendeur.', 'splendeur', 'conduisent', 'perfection.', 'semblable', 'splendeur', 'l’effet', 'n’est', 'splendeur', 'c’est', 'attraits', 'n’est', 'usage', 'confiance', 'choses', 'suivant', 'suivent', 'l’enfer', 'açif-', 'constante.', 'incompréhensible:', 'soleil,', 'suspendues', 'immense,', 'c’est', 'vaste', 'C’est', 'qu’est', 'affairsé.', 'franchise', 'soutient', 'faillant', 'fait,', 'suffi', 'qu’est-le', 'surface', 'produisent', 'nourrissent', 'oiseaux', 'richesses', 'Lorsque', 'écelle', 'passez', 'connaissance', 'vaste', 'poirIer', 'richesses', 'marchandises', 'transports', 'n’est', 'suspendue', 'c’est', 'CF', 'faut«', 'C’est-à-dire', 'parcequ’miracle', 'considérez', 'vaste,', 'accroissement', 'IJ)', 'semble', 'daNS', 'existe', 'science', 'c’est', 'souveraine', 'lorsque', 'existera.', 'raison', 'science', 'raison', 'vaste', 'science', 'connaissance', 'choses,', 'connaissance,', 'esprit.', 'juste', 'juste', 'connoît,', 'conomie.sance,', 'justice', 'n’avoit', 'raison', 'inaccessible', 'l’influence&', 'quipe']; --> ['l’associer', 'esprits.', 'C’el:', 'c’est', 'choses', 'chose', 'n’emb', 'l’obéissance,', 'choses.', 'aflî', 'laisse', 'l8l', 'mauvaise', 'affétion,', 'c’est', 'droite', 'absolue', 'contrat-*', 'c’est', 'manifeste,', 'c’est', 'entreprise,', 'splendeur.', 'splendeur', 'conduisent', 'perfection.', 'semblable', 'splendeur', 'l’effet', 'n’est', 'splendeur', 'c’est', 'attraits', 'n’est', 'usage', 'confiance', 'choses', 'suivant', 'suivent', 'l’enfer', 'açif-', 'constante.', 'incompréhensible:', 'soleil,', 'suspendues', 'immense,', 'c’est', 'vaste', 'C’est', 'qu’est', 'affairsé.', 'franchise', 'soutient', 'faillant', 'fait,', 'suffi', 'qu’est-le', 'surface', 'produisent', 'nourrissent', 'oiseaux', 'richesses', 'Lorsque', 'écelle', 'passez', 'connaissance', 'vaste', 'poirIer', 'richesses', 'marchandises', 'transports', 'n’est', 'suspendue', 'c’est', 'CF', 'faut«', 'C’est-à-dire', 'parcequ’miracle', 'considérez', 'vaste,', 'accroissement', 'IJ)', 'semble', 'daNS', 'existe', 'science', 'c’est', 'souveraine', 'lorsque', 'existera.', 'raison', 'science', 'raison', 'vaste', 'science', 'connaissance', 'choses,', 'connaissance,', 'esprit.', 'juste', 'juste', 'connoît,', 'conomie.sance,', 'justice', 'n’avoit', 'raison', 'inaccessible', 'l’influence&', 'quipe'];;
insert;   file_1[2260:2260]; --> file_2[2297:2298];       []; --> ['complaît'];;
equal ;   file_1[2260:2281]; --> file_2[2298:2319]; ['sortir', 'l’obscurité', 'discours,', 'çunités.', 'silence', 'refUsant', 'ministre', 'conserver', 'faut', 'infectés,', 'consultant', 'raison.', 'discernement,', 'pasés,', 's’exposent', 'n’est', 'prescrire', 'maisons', 'vases,', 'aflîbien', 'jusqu’ici']; --> ['sortir', 'l’obscurité', 'discours,', 'çunités.', 'silence', 'refUsant', 'ministre', 'conserver', 'faut', 'infectés,', 'consultant', 'raison.', 'discernement,', 'pasés,', 's’exposent', 'n’est', 'prescrire', 'maisons', 'vases,', 'aflîbien', 'jusqu’ici'];;
insert;   file_1[2281:2281]; --> file_2[2319:2320];       []; --> ['ofé'];;
equal ;   file_1[2281:2512]; --> file_2[2320:2551];" ['JUSTE', 'changer', 'musîque,', 'n’est', 'dynastie', 'En', 'connaissons', 'ministres', 'Infî', 'dynastie,', 'conféquent', 'suivre.', 'dynastie', 'En,', 'dynastie', 'conserve', 'signifier,', 'suivre', 'observer.', 'dynastie', 'Chou,', 'transmises', 'enseignées', 'observées,', 'MIL.PEU.', 'ZOO', 'avoir,', 'Ainsi', 'févers', 'construction', 'choses', 'nécessaires', 'l’établissement', 'diS]', 'l’éloignement', 'suivre.', 'propofol', 'refuferoient', 'soumettre', 'proposeront.', 'Ainsi', 'suivre', 'suivre', 'ensuite', 'administration', 'empereurs', 'Chez.', 'suivant', 's’éparera', 'consulte', 'raison', 'suivant', 'décisions,', 'répréhensible.', 'soutenu', 'conduite', '1IO', 'puisse', 'efpérer', 'science', 'n’est', ""conno'it"", 'efpérer', 'science', 'destinées', 'dynastie', 'Lorsqu’ils', 'royaume', 'd’aversîon', 'Lors-', 'concr', 'suivi', 'd’Ya', 'Clin,', 'cessit', 'l’administration', 'lle', 'voisin', 'Veuve,', 'scrupuleusement', 'avoient', 'agissant', 'espaces', 's’étendait', 'faisons', 'interpr-', 'soleil', 'clairent', 'science', 'faisons.', 'soleil', 'n’emb', 'opposée', 'l’enèable,', 'universelle.', 'ConnU-', 'aoït', 'déterminait', 'devait', 'circonstances', 'universelle', 'rapportait', 'science', 'nécessaires', 'généreuse,', 'justice', 'courageuse,', 'Il6', 'AuteUR.', 'fe.ul', 'modeste,', 'consommée', 'distingue', 'circonstances', 'essonneête.', 'vaste', 'immense', 'circonstances', 'd’usage', 'immensité,', 'montrer-elle,', 'transport.', 'C’est', 'pénétre', 'examiner', 'soleil', 'rosée', 'fécondent&fivousy', 'tronOme', 'c’el:', 'utilise', 'comparaison', 'universelle', 'perc', 'raison', 'remplissant', 'souverain', 'sujet,', 'subordination', 'domestiques', 'suivre', 'connaissance', 'fujiç', 'production', 'accroissement', 'conservation.', 'Tir', 'suivant', 'raison.', 'C’est', 'intéressantes', 'c’el:', 'rétablissant', 'c’el', 'fagacité', 'esprit,', 'promuâion', 'autre', 'fagacité,', 'Hoei,', 'portait', 'cachait', 'simple', 'déambiguit', 'C’est', 'l’insensé', 'Ainsi', 'insipide,', 'préfente', 'confusion,', 'cette', 'lorsque', 'passant', 'c’est', 'choses', 'recettes', 'manifestent', 'desquelles', 'C’est', 'soigneusement', 'Lors-', 'JUSTE', 'puisse', 'puisse', 'C’est', 'Lorsque', 'suffixe-vous', 'Lors-', 'n’étoit', 'fail', 'renceét', 'silence,', 'l’imac', 'l’accroc', 'plaignent', 'n’entendait', 'disculpîon', 'fonction.', 'C’certainï', 'récompenses', 'n’est', 'c’est', 'moderne', 'Xl8', 'puissantes', 'imposantes', 'dynastie', 'Chez,', 'd’mentionner', 'faite', 'impos', 'connaissances', 'cessaires', 'suivre', 'pensées', 'affélions', ""po'ete,"", 'repréfente', 'J’aime&je', 'chéregistre', 'fïmile,', 'phrases', 'sonores', 'nombreuses,', 'ressources', 'sensibles', 'aufîi', 'C’est', 'inaccessible', 'fens,', 'c’est']";" --> ['JUSTE', 'changer', 'musîque,', 'n’est', 'dynastie', 'En', 'connaissons', 'ministres', 'Infî', 'dynastie,', 'conféquent', 'suivre.', 'dynastie', 'En,', 'dynastie', 'conserve', 'signifier,', 'suivre', 'observer.', 'dynastie', 'Chou,', 'transmises', 'enseignées', 'observées,', 'MIL.PEU.', 'ZOO', 'avoir,', 'Ainsi', 'févers', 'construction', 'choses', 'nécessaires', 'l’établissement', 'diS]', 'l’éloignement', 'suivre.', 'propofol', 'refuferoient', 'soumettre', 'proposeront.', 'Ainsi', 'suivre', 'suivre', 'ensuite', 'administration', 'empereurs', 'Chez.', 'suivant', 's’éparera', 'consulte', 'raison', 'suivant', 'décisions,', 'répréhensible.', 'soutenu', 'conduite', '1IO', 'puisse', 'efpérer', 'science', 'n’est', ""conno'it"", 'efpérer', 'science', 'destinées', 'dynastie', 'Lorsqu’ils', 'royaume', 'd’aversîon', 'Lors-', 'concr', 'suivi', 'd’Ya', 'Clin,', 'cessit', 'l’administration', 'lle', 'voisin', 'Veuve,', 'scrupuleusement', 'avoient', 'agissant', 'espaces', 's’étendait', 'faisons', 'interpr-', 'soleil', 'clairent', 'science', 'faisons.', 'soleil', 'n’emb', 'opposée', 'l’enèable,', 'universelle.', 'ConnU-', 'aoït', 'déterminait', 'devait', 'circonstances', 'universelle', 'rapportait', 'science', 'nécessaires', 'généreuse,', 'justice', 'courageuse,', 'Il6', 'AuteUR.', 'fe.ul', 'modeste,', 'consommée', 'distingue', 'circonstances', 'essonneête.', 'vaste', 'immense', 'circonstances', 'd’usage', 'immensité,', 'montrer-elle,', 'transport.', 'C’est', 'pénétre', 'examiner', 'soleil', 'rosée', 'fécondent&fivousy', 'tronOme', 'c’el:', 'utilise', 'comparaison', 'universelle', 'perc', 'raison', 'remplissant', 'souverain', 'sujet,', 'subordination', 'domestiques', 'suivre', 'connaissance', 'fujiç', 'production', 'accroissement', 'conservation.', 'Tir', 'suivant', 'raison.', 'C’est', 'intéressantes', 'c’el:', 'rétablissant', 'c’el', 'fagacité', 'esprit,', 'promuâion', 'autre', 'fagacité,', 'Hoei,', 'portait', 'cachait', 'simple', 'déambiguit', 'C’est', 'l’insensé', 'Ainsi', 'insipide,', 'préfente', 'confusion,', 'cette', 'lorsque', 'passant', 'c’est', 'choses', 'recettes', 'manifestent', 'desquelles', 'C’est', 'soigneusement', 'Lors-', 'JUSTE', 'puisse', 'puisse', 'C’est', 'Lorsque', 'suffixe-vous', 'Lors-', 'n’étoit', 'fail', 'renceét', 'silence,', 'l’imac', 'l’accroc', 'plaignent', 'n’entendait', 'disculpîon', 'fonction.', 'C’certainï', 'récompenses', 'n’est', 'c’est', 'moderne', 'Xl8', 'puissantes', 'imposantes', 'dynastie', 'Chez,', 'd’mentionner', 'faite', 'impos', 'connaissances', 'cessaires', 'suivre', 'pensées', 'affélions', ""po'ete,"", 'repréfente', 'J’aime&je', 'chéregistre', 'fïmile,', 'phrases', 'sonores', 'nombreuses,', 'ressources', 'sensibles', 'aufîi', 'C’est', 'inaccessible', 'fens,', 'c’est']";;
insert;   file_1[2512:2512]; --> file_2[2551:2755];       [];" --> ['LOUIS', 's’annonçoka', 'courses', 'auspices,', 'pleurait', 'bien’ais', 'n’avoient', 'finalé.-', 'Ainsi', 'l’espoir', 'vingt', 'âeffEt', 'diplé', 'res', 'seul’s', 'richesSes.', 'faciliter,', 'promesSes,""', 'Qu’autorise', 'soumettraî', 'besoins', 'vigilant', 'sacrifices.', 'C’est', 'decin', 'foyer', 'plaisir.', 'l,ouis', 'destins', 'déposé', 'faceé.,', 'solennel,', 'souhaits', 'alarmes^', 'litalie', 'transport,', 'n’est', 'perdu', 'juste,', 'afFaibli', 'auguste.', 'condolé', 'efpère', 'membrane', 'espoir', 'modeste', 'c’est', 'C’est', 'crainte', 'NobîsiTe-,', 'Afflux,', 'divisés', 'Semblait', 'composé', 'mystères', 'triste', 'tyRannique', ""'Qu’entam"", 'puissance', 'talent.', 'juste', 'science', 'sujets', 'c’el', 'avoir', 'base', 'Repoufîent', 'mensonge', 'incident', 't’offrira', 'Chansons', 'profitant', 'l’inspire^', 'bafTelTe', 'Hongrois', 'puisSance.', 'récompense', 'sujets,', 'l’afpâ', 'Fc', '1ER,', 'FONDE', 'STANDÏEVITCH', 'démontrera', 'Dirai-je', 'dépendu', 'faisant', 'prononcer', 'tromperie', 'sybase', 'lésées', 'condens', 'établisse', 'chancelier', 'contrefa', 'instable,', 'chercher', 'renoncer', 'associer', 'précéder', 'flatter', 'disparaissent,', 'devînt', '(réel)', 'pousse', 'démontrera', 'dignement.', 's’immisceraient', 'disposeront,', 'trompant', 'dépave', 'ÉtasuNien.', 'fonde', 'recevaient', 'voulaient', 'garantir,', 'd’épuisement,', 'n’atteint', 'empoisonner', 'serf', 'd’Etats,', 'car', 'trempe', 'Este', 'ravisant', 'subtilement', 'fonde', 'N’estim', 'apercevons', 'apercevons', 'n’enêlait', 'aviateurs', 'Aussitôt', 'exiler', 'séquestre', 'gouverner', 'n’obtiennent', 'l’Égalise.', 'condamne', 'critiquer', 'réagisse,', 'mépriser', 'riposter', 'aso6.', 'critiquer.', 'j’aie', 'naïfs', 'associions', '1er,', 'fon-', 'admettez', 'pénale', 'Orgarnisez', 'modifier', 'déduis', 'politiques,', 'tyrannieè,', 'elleême.', 's’affubler', 'drapera', 'oppose', 'dépouiller', 'Karageorge.', 'semé', 'surgissent,', 'souséfets,', 'jaloux’être', 'punir', 'L’AME', 'ajoutait', 'Karageorgévitch,', 'séparas', 'obtint', 'luttes', 'd’Etel-pacha', 'demandes', 't’avoir', 'accepta.', 'satisfait.', 'Maisères,', 'ledéterminer', 'sur,', 'elleême', 'racontera', 'morveux,', 'Empoigne-moi', 'l’honorent', 'suscit', 'enfants,', 'épanchement', 'votre', 'pétuant', 'souséfet', 'souséfet,', 'coup', 'vendeurs,', 'coup', 'vendeurs', 'trèutiles', 'convenance', 'tique.', 'nie,', 'Maintenons-nous', 'Maisères,']";;
