b,l,a,	
"Oeuvres
POETIQUES
De boileau
DES"
"V. FOULQUIE'R
Tours
ALFRED"
MAME ET
CC 1.X
"X
"
"È TIQUES
De boileau
Oeuvres
POÉTIQUES
De boileau
^t^"
^JEB
AR
"V. FOULQUIER
"
MAME ET
M D C C
X X
Etienne Boyleaux
Boyleaue
saint Louis
Paris
Paris
saint Louis
Joinville
Estienne Boyleaue
Paris
osast
Paris
Paris
Angers
Touraine
Paris
Paris
"Horace.
BOILEAU"
Nicolas
Paris
Gilles Boileau
Jean Boileau
Anne de Nielle
Gilles Boileau
Jacques Boileau
"collège d’Harcourt ;
"
Beauvais
Helvétius
Boileau
Inde
Helvétius
Despréaux
Beauvais
Beauvais
Euripide
Boileau
Paris
"Despréaux : ce Pour
ce Colin"
Nicolas
Despréaux
Sorbonne
Saint-Paterne
Sorbonne
A
Horace
Paris
Despréaux
Paris
Boileau
Boileau
Boileau
Malherbe
Rambouillet
Chapelain
Boileau
Chapelain
Boileau
"Discours au roi
furent"
Boileau
Louis XIV
Boileau
Louis XIV
Louis Racine
"Mémoires sur la vie de
son père"
II
Le roi
Molière
Molière
"Despréaux, jeune"
Louis XIV
Britannicus
Épîtrè
Louis XIV
Boileau
Épîtrè
Rhin
.de
Épîtres
Boileau
VArt
Boileau
VEpîlre
Pisons
Horace
Boileau
Lutrin
Racine
Racine
Epîtres et du Lutrin
Louis XIV
campagne de
Gand
Louis XIV
Boileau
"Sire,"
Boileau
Académie française
Racine
Académie
Fontaine
Louis XIV
Boileau
Académie
Fontaine
Académie
marquis de Saint-Aulaire
M. de Saint-Aulaire
Boileau
Despréaux
Médailles
Louis le Grand
Racine
Mme de Montespan
Mme de Maintenon
Mme de Montespan
Boileau
Mme de Maintenon
Racine
Boileau
"Mme de
Maintenon"
Scarron
Scarron
Racine
Louis XIV
Louis XIV
Boileau
Boileau
Votre Majesté ;
elle.y
Le roi
"Votre Majesté, dit un jour
ce Despréaux"
Europe
A
Port-Royal
Louis XIV
Despréaux
Le roi
M. Arnauld
Boileau
Horace
Prise de Namur
Pindare
Art poétique
Despréaux
Bossuet
Renaudot
Auteuil
M. Despréaux
VAmour
Dieu
Meaux
Église
Molière
Louis XIV
la Bruyère
Bourdaloue
Antoine Arnauld
Fontaine
Art poétique
Racine
Boileau
Racine
Boileau
Racine
Athalie
Boileau
Athalie
Despréaux
Racine
Cid
Colbert
Corneille
Sublime : le gentilhomme
"Traité du sublime,
de"
Longin
Despréaux
Racine
Pourvu
Chantilly Condé
Enghien
Colbert
"Vivonne,
Que la Rochefoucauld"
Massillon
"Pomponne,
Et mille autres"
A
Boileau
Descartes
Boileau
"Louis XIV
la mort"
Racine
Phèdre
ftAthalie
Despréaux
Racine
Boileau
"Horace, sa
maison des champs ;"
Auteuil
Tibur
Racine
Auteuil
Brossette
Archimède
Syracuse
Ton
"Les Pradons
ce dont nous nous sommes"
nesse
Boileau
Paris
cloître Notre-Dame
Boileau
SainteChapelle
Petits - Augustins
Saint-Germain-des-Prés
Boileau
"Code pénal : ces ardeurs
ennemies"
Boileau
Boileau
Boileau
"Horace, si corrompu et si habile"
Louis XIV
Boileau
Brutus
bataille de Philippes
Ovide
Cicéron
Boileau
Boileau
Lucilius
Scipion
Boileau
Perse
Néron
Boileau
Tacite
Juvénal
Boileau
Boileau
Prefaces de boileau
LIBRAIRE
Jugement sur les sciences
Joint
Parnasse
Muses
Juvénal
"Horace ;
mais, tout bien"
"Preface ii
EDITIONS DE"
IN-4o.
ET
"PETIT IN-12
AU"
"Art
poétique"
Longin
Poétique
"Préface iii
ÉDITIONS DE 1674 ET"
Poétique
Poétique
"Horace, ils ne peuvent pas faire un plus bel"
Preface
ET
Chapelain
M. Q
Virgile
Saint-Amand
"Scudéri,
et de plusieurs autres"
Académie
poëme du Lutrin
Avis
Preface
APRÈS LA IV
M. P.
Chapelain
Cotin
"Louis
le Grand"
France
Chapelain
Cotin
M. P.
M. P.
Réflexions critiques
Longin
Namur
Réflexions critiques
Longin
Dialogues
M. P.
M. Lenglet
M. Rollin
Fraguier
Zoïle
Catulle
Catulle
cle la Landelle
"Preface vi
EDITION DE"
Louis
duc d’Orléans
Orléans
État
Théophile
"Pyrame et Thisbé, lorsque cette malheureuse
amante"
Pyrame
voicy
II
Métamorphoses
Jupiter
Fable
eL
Virgile
Lucain
M. de Valincour
M. Perrault
M.
Ericeira
"Art poétique faite
par"
Lisbonne
M. Arnauld
M. P
épître A
"M. POUJODLAT
En"
Boileau
Discours au roi
Louis XIV
cardinal Mazarin
Boileau
Charpentier
Églogue royale ;
Louis XIV
Nec
Despréaux
Alexandre le Grand
Entreprît
Apelle
Boileau
Louis XIV
Si mon coeur
Boileau
Tage
Tibre
Tibre
Louis XIV
Alexandre VII
duc de Beaufort
Gigelli
de France
Feuillade
Saint-Godard
Turcs
Allemands
Indes
"Discours au roi
Jeune et vaillant héros"
Soutiens
Balance
Fuit
Touchant
Osent
Charpentier
"Églogue royale.
Et mêle"
Hélicon
Fut
Soeurs la fable
Calliope
Pégase
Te
"Parnasse,
On dirait qu’ils"
Apollon
Phébus
Ourse
Donne un lustre éclatant
Pourrir
A
Languirait
Veuille
Apollon
Pelletiers
Corneilles
Auguste
Entreprît
Phébus
"mont des neuf Soeurs,
Attendant"
"Va, la foudre"
Qui du butin des fleurs
muse
Ne vienne
i Alexandre le Grand
Font d’abord
Paris
Dieu
Tartufe 2
Molière
Atlas
Si mon coeur
Démocrite
Tartufe.
"DISCOURS AU ROI 41
Faire honte"
Fouler
Tage
"Tibrei,
Nous faire de la mer"
Rendre
La France
"Fortune,
Et nos vaisseaux, domptant"
Neptune
Phébus
Ma muse
Le roi
Rome
Londres
Turcs
Raab
"M. POUJOULAT
"
Régnier
Molière
Régnier
Boileau
"Horace
et de"
Juvénal
Juvénal
Boileau
Umbricius
Juvénal
Rome
Cumes
porte Capène
Rome
Juvénal
Paris
Boileau
Paris
Damon
Damon
Paris
Boileau
François Cassandre
Rhétorique
Aristote
François Cassandre
Juvénal
"Proponimus illuc
Ire"
Dum
Dum superest
Porto
nullo dextram subeunte
Dédale
Parque
Boileau
SUR LES SATIRES
Parque
Arturius
Arturius
Catulus
George
George
George
Rome
Quid Romae
Paris
Rolet
Boileau
Rolet
Juvénal
Colletet
Crotté
Académie française
François Colletet
Paris
Espagne
Paris
Guillaume Colletet
Boileau
"Guillaume
Colletet"
cardinal de Richelieu
jardin des Tuileries
Montmaur
Boileau
Colletet
Savant
Dont Montmaur
Paris
Montmaur
Quercy
Jésus
Périgueux
Rome
de France
"Repose bien doucement
Montmaur, d’heureuse mémoire,
Attendant le jugement.
D’autres noms"
Saint - Amant
Moïse
Académie française
prince de Condé
Louis XIII
Louet
Huot
le Mazier
Saint-Sorlin
Visionnaires
Boileau
Despréaux
Molière
Lucrèce
Despréaux
Horace
Molière
Despréaux
Quinault
Virgile
Boileau
Pelletier
"Scudéri, l’auteur"
Alaric
Ménage
hôtel de Rambouillet
"Angevin, érudit et conteur"
Boileau
la Fontaine
Château
Corneille
Despréaux
Horace
Nasidienus
Régnier
Boileau
Horace
"Boucingo, fameux marchand de vin ;
Villandry, un des"
Lambert
Académie française
Paris
Cotin
Trissotm des Femmes
Boileau
"Mignot, cuisinier"
Boileau
Cotin
Boileau
Boileau
Boileau
commandeur de Souvré
"duc de Mortemart
et le marquis de Sillery"
Reims
Boileau
Ronsard
Malherbe
Racan
Scudéri
Boileau
Malherbe
Ronsard
La Serre
cle Toulouse
Boileau
Amourettes. »
"Slralonice
et de"
Quinault
Boileau
Molière
abbé le Vayer
Desmarets
Visionnaires ;
Molière
Despréaux
abbé le Vayer
"École des Maris
et de l’"
École des Femmes
"Philippe de
France"
Florus
Tarsis
Zélie
Molière
"Macroton, dans l’Amour
médecin"
La Neveu
"Fredoc
tenait une salle de jeu"
Palais-Royal
"Joli, qui « perd
son temps"
Angers
Versailles
Louis XIV
Louis XIV
Boileau
marquis de Dangeau
Louis XIV
la France
Horace
Mécène
"Juvénal
est plus étendue"
Boileau
"Alfane, cheval d’un roi"
Aimon
Boileau
Juvénal
Boileau
Mercure
Paris
les Adieux d’un poëte
Paris
Rome
Boileau
Martial
Voltaire
Despréaux
Voltaire
Marmontel
Boileau
Paris
Marmontel
les Adieux du poëte
Despréaux
Paris
Despréaux
Trebatius
Horace
Horace 
Boileau
Rome
Rome
"Despréaux :
Perrin"
Enéide
France
Italie
Bonnecorse
de France
"Titreville, mince faiseur"
Boileau
Montreuil
"Mm 0 de
Sévigné"
Racine
"Molière, la Fontaine"
Antoine Arnauld
Boileau
Aristote
Montaigne
Boileau
Claude Morel
Sorbonne
"Despréaux
un bon souffle"
"Horace,
de Perse"
Juvénal
Bussy
Régnier
Chambre
Académie française
Marseille
Boileau
M. de Lamoignon
Boileau
"Louis
Racine"
Despréaux
M. de Brancas
Mme Scarron
Mme de Maintenon
Mme de la
Louis Racine
Mme Scarron
Mme de Maintenon
Boileau
Louis XIV
"Voiture à côté de
celui"
Horace 
Despréaux
hôtel de
Rambouillet
"Voiture,"
Voiture
Voltaire
Pascal
Belge
Germain
Tallemant des Réaux
"duc
d’Orléans"
Savoyard
Pont-Neuf
Philippot
duc de Montausier
Boileau
Despréaux
Perse
Midas
Hic tamen
asini Mida
Boileau
Alembert
Boileau
Juvénal
Rome
Tibre
Boileau
Juvénal
Romaines
Boileau
Boileau
Paris
Boileau
Alcippe
Despréaux
Bossuet
Jacques Gillot
Paris
"Ménippée.
Boileau"
"Capanée,"
Thèbes
Jupiter
Juvénal
"Despréaux
un contre"
Saturne
Credo
Saturno
Boileau
Juvénal
Dès le temps de
"Rhée,
La chasteté"
Boileau
Boileau
Reynie
Athènes
Socrate
Boileau
Voltaire
Boileau
Boileau
Boileau
Boileau
cardinal de Noailles
le Tellier
"Provinciales
de"
Pascal
"Journal
de Trévoux"
Innocent XI
Diana
Sicile
Bannez
Soto
Wendrock
Nicole
Provinciales
VAugustinus
Jansenius
Vomoiousios
"Discours sur la satire
Quand je donnai la première fois mes satires"
Parnasse
poëtes
Parnasse
État
Cotin
Lucilius
Rome
Lélius
Térence
Lupus
Metellus
Num
Duxit ab oppressa
Carlhagine
Ingenio
aut lseso doluere
Lucilius
Primores populi
Lucilius
"Horace,
qui vivait sous un empereur"
Fabius
Tigellius
"Nasidienus
le ridicule,"
"Nomentanus le débauché, et tout ce qui
1"
Horace
sat
SATIRE
Fabius
Tigellius
Auguste
"Nasidienus Rufus
était un ridicule"
Rome
Cassius
l’Italie
Auguste
Horace
Aufidius Luscus
"Fondi :
Fundos"
Aufidio
Fondi
Aufidius
Aufidius
Horace
Turgidus
Diffingit
Horace
Alpinus
I
sat.
v. 38
I
Memnon
Rhin
Alpinus
Horace
Alpinus
poëme de Memnon
Auguste
Perse
Néron
Néron
Néron
Torva
Perse
Néron
Néron
Néron
Perse
Juvénal
Trajan
Juvénal
"Théséide de Codrus,
et"
VOreste
Télèphe
augusto
Régnier
Gallet
"sieur de
Provins"
Cousin
Pierre du
Virgile
Virgile
amet
Maevi 2
Bavius
Meevius
Servius
Catulle
Martial
Virgile ?
"Voiture,
qui n’a point"
Neuf-Germain
Parnasse
Raillerie
Scipion
"Lélius, plus délicats
qu’"
Auguste
Néron
i Casaque
Églogue in
abbaye d’Ainay
Lyon
"Satire i
Damon"
Amusa
"Passe l’été sans linge et l’hiver sans manteau,
Et de qui le corps sec"
Las
Va
i II
"Cassandre,
celui"
Rhétorique
Aristote
Flétrisse
Dieu
Allons du moins
Parque
George
George
Jaquin
Paris
"De mes sonnets flatteurs lasser tout l’univers,
Et vendre"
Rolet
Paris
Conduire le carrosse
la France
Procureur
Langres
Marcher
Et jouir du ciel
Colletet
Savant
Dont Montmaur
Paris
Jette
Va tirer désormais
Phébus
Auguste
Cessons
Saint-Amant
Saint-Amant
Colletet
Ménage
"J ;
"
Fit
Angely
Apollon
"Barthole,
Et, feuilletant"
Louet
Brodeau
Errer
Où Patru
Uot
Cicérons
Pé-Fournier
la Seine
Saint-Jean
Arnauld
Charenton
Lune
Sa Majesté
M. le Prince
Pays-Bas
Brodeau
Louet
Pierre Fournier
Pé-Fournier
Saint-Sorlin
Saint-Pavin
Quittons
Où le vice orgueilleux
"Où la science, triste, affreuse, délaissée,
"
Est
Où tout me choque ;
A
muse
Phébus
Parnasse
Apollon
En raillant d’un censeur la triste
Attend pour croire
Dieu
Dieu
Dieu
Paris
"Satire ii
A"
Rare
Ignore
Apollon
Molière
Ma plume
Virgile
Quinault
"Je fais mille serments de ne jamais écrire.
"
Muses
Ma muse
MIRACLES
AUTRE
NONPAREIL
De CHEFS
BEAUTÉS
PAREILLES
Malherbe
Si j’écris quatre mots
Maudit
Voulut
"Mes jours, pleins de loisir"
La nuit
Sait
au Louvre
Un destin envieux ne m’avait fait
Retouchant
Pelletier 4
Bienheureux Scudéri 2
Poëte
"Scudéri, auteur de beaucoup de romans, et frère de
la fameuse"
MUc de Scudéri
Tes
Veut
Ravi
"Satire iii
A. Quel sujet inconnu vous trouble"
A
Où la joie en son lustre
A-1-elle
P. Ah !
Boucingo 1
Villandry 2
"Verdeur.
 ?"
Molière
Tartufe
Lambert
Lambert
Lambert
Je le suis en tremblant
Formait
Souvré
Le Tartufe
Molière
Lambert
SATIRE III
Cyrus
Dont
"Moi qui ne compte rien ni le vin ni la chère,
Si"
Cassagne
Cotin
Mignot
Un laquais
Roman
Mllc de Scudéri
"SATIRE III
D’un"
Auvernat
Lignage 1
Crenet 2
Par le chaud
"Point de glace, bon Dieu !"
Paris
Sentaient
Régnait
Présentaient
Dont
Orléans
A
En lapins de garenne
Composer
Ah !
Mignot
Dieu
"Pelletier
Roulé"
"Festin de Pierre,
Et"
Reims
Porte
"Où les doigts des laquais, dans la crasse tracés,
Témoignaient"
Lamentant
Tous mes sots à la fois
Détonnant
Semble un violon
Mayence
Réglé
Corrigé
Etat
"SATIRE III 85
A"
Hollande
Angleterre
"Parnasse.
Mais notre hôte"
Élevait
Théophile
la Serre
La Pucelle
Le Pays
Corneille 4
Alexandre
Quinault
"Je vous hais, tout s’y dit tendrement.
"
Virgile
Quinault
Angleterre
Hollande
Hollandais
Jean Puget de la Serre
"Amitiés, Amours"
Amourettes.
grand Corneille
Quinault
Vanneau
Quinault
Dieu !
A
Lance
"Et les ruisseaux de vin coulent aux environs.
Enfin, pour arrêter cette lutte barbare,
De nouveau l’on s’efforce, on crie, on les"
"En pareille cohue on me peut retenir,
Je consens de bon coeur"
Brie
Paris
Satire
"ABBE LE VAYER
D’où"
cher le Vayer
Croit
"Petites-Maisons ?
"
Croit
"Aristote
La"
De ses froides douceurs fatiguer le beau monde
"Condamne la science,"
Croit
Un bigot
Croit duper
Dieu
Damne
Peignant
Guenaud
Neveu 1
Grèce
i Infâme
Rend
Rencontrant
Appelle sa folie
Dira
"Fredoc, ce marquis sage"
Voit
"SATIRE IV
Vous le verrez bientôt, les cheveux hérissés
Et les yeux vers le ciel de fureur"
Fêter
Église
Titan
Chapelain
Ménage siffles 2
Parnasse
Virgile
Montés
Perdit
Pucelle
"Ménage, toutes les semaines, une assemblée"
SATIRE IV
En me tirant d’erreur m’ôte du paradis !
Joli 1
i Illustre
Saint-Nicolas-des-Champs
Paris
Agen
"Satire v
"
Dangeau
Ait
Capets
Ait
Vanter
Dieu
Enivré
Alfane
Bayard
Cheval du roi
Cheval
Renaud de Montauban
Aimon
Et dormir en plein champ le harnois
Feuilletez
Choisissez
César
Achille
"Alexandre :
En vain"
Hercule
"Un traître, un scélérat, un perfide, un menteur"
Un fou
Verse
Est
Lucrèce
Vit
"Et l’orgueil, d’un faux"
Maîtrisa
Inventa
Composa
De pal
Segoing i
Mercure
Mercure
Faire
Le duc
Trouva
Laissa
Rétablit
mandille 2
Paris
Dangeau
Dédaigner
Fuir d’un honteux loisir
Montrer
Va par mille beaux
Sers
Ton prince
"Satire vi
Qui frappe l’air, bon Dieu !"
Paris
Rassemble
i Ennuyeux
"Vulcain,
Qu’éveillera bientôt l’ardente soif du gain,
Avec un fer maudit"
Encor je bénirais
Si le ciel
Font aboyer les chiens
Guenaud
Veuille
Paris
Grossissant
prix de Paris
"Ébranlent ma fenêtre,"
Tremblant
Paris
"Histoire des larrons.
"
SATIRE VI
Fait de notre quartier une seconde
Où maint Grec
Troyen
Paris
Receler
Dieu
"Satire vii
Muse"
A
Et cherchons un héros
Digne
Pucelled
Mes mots
"Raumaville.
"
"Sofal :
Je sens"
Perrin
"Pelletier,
Bonnecorse"
Pradon
Colletet
Titreville
Minerve
Poëtes
Soit que le Ciel me garde un cours long
A Rome
Paris
Dût ma muse
"Riche, gueux, triste ou gai, je veux faire des"
Modère
Eh quoi !
Horace
"Lucile,
"
Exhalait
Juvénal
Gourmandait
Montreuil
Grossir
Rit
"Muse,"
Montreuil
"Satire viii 1
"
M. M
"DOCTEUR DE SORBONNE
De tous les animaux"
De Paris
Pérou
Japon
Rome
Un insecte rampant
Un taureau
Bois
Celte
Perse
Grossit
Cérès
Jouit l’hiver des biens
Paresseuse
Affronter
Bélier
Voltige incessamment de pensée
Me
Bussy
Bussy
Croit
Nubie
Barca
Libye
Hé !
Océan
Chercher
Japon
Rapporter de Goa 1
Galet 2
raillez
Alexandre
l’Asie
Angely 3
Maître
Portugais
Indes
"Régnier.
3 II"
SATIRE VIII
Courir
La Macédoine
Petites - Maisonsd
"Senault, toutes les passions,
Et, les distribuant par classes"
Dogmatiser
Chambre
Coeffeteau
Fait voir d’honnêtes moeurs
Observe
Voit-on les loups
Un tigre en factions
Hyrcanie
Afrique
Déchirant
Lions
Combattre follement
Paris
Chambre
"Traité
des passions"
Province de Perse
mer Caspienne
Cinna: « Romains contre
Romains
"SATIRE VIII
L’animal"
Vit
"Rolet ;
"
Traîné
"Ni haut ni bas conseil, ni chambre des enquêtes.
"
Vit
Met
Eût
Allât
Cherchât
Accablât
la France
Doucement !
France
M.
président de Lamoignon
Dont
Endosser
Sait
Est-ce
Dit
Cent francs
Platon
Guidon
Colbert
Va par tes cruautés
Dégrader
Te
Trace
la Bible
Perce la sainte
Confonds
Luther
Calvin ;
Débrouille des vieux temps
Eclaircis
Aille
la Bible
Te
SATIRE VIII
"Quitte là le bonnet, la"
Sorbonne
Mets-toi
saint Thomas
Scot
muse
Cotin
A
Défier aux chansons les oiseaux
Réglé
Molière
Molière
Femmes
"Colin en ridicule.
"
Ou croire
Sacrifier à l’homme
Demander à genoux la pluie ou le beau temps ?
Adorer
Trembler
Nil
Egypte
Un stupide animal
Dont
Ciel
Paris
Courir
"Justice, en grosse compagnie"
"Esope,
De tous côtés, docteur"
Content
LIBRAIRE AU
Parnasse
Kautain
Le Discours sur la satire
Satire ix
Esprit
Discourir
Caton
Décider du mérite
Celte
Horace
"SATIRE IX
"
Gautier
Phébus
"Parnasse ?
"
Horace
"Voiture,
On rampe dans la fange"
"Osez chanter du roi les augustes merveilles :
"
Vendrait
Entonner
Discorde
Peindre
Bellone
Belge
Lille
Flandre
Racan
Cotin
Que l’amour de blâmer
Déshonore
"Cache le noir venin de sa malignité.
"
Faire
"Et du bruit dangereux d’un livre téméraire
A vos propres périls"
Horace
Saumaises
Dont
Courir de main
Neuf-Germain
Serre 3
"Ou, de trente feuillets"
Pont-Neuf
Occuper le loisir des laquais
Servir
Savoyard
Fasse
Faire siffler
Cotin
"Que l’effroi du public et la haine des sots ?
Quel démon vous irrite, et vous porte à médire ?"
Jonas
Le David
Le Moïse
Perrin
Bardin
Pradon
Hainaut
Colletet
Pelletier
Titreville
Dont
Vont
3 Poëmes
SATIRE IX
Ecrive
Paris
Viendrez
"De quel oeil pensez-vous qu’on regarde les vôtres ?
"
"Parnasse,
N’"
Horace
Juvénal
Cotin
Cyrus
Clélie
Pharamond
Saint-Pavin
Horace
Juvénal
Régnier
SATIRE IX
Irait
Veut
Esprit
"Est-ce un crime,"
Où la droite raison trébuche
Alidor
Dieu
Fuit
Malherbe
Racan
Théophile
Tasse
"Virgile l.
Un clerc"
Huns
Traiter de visigoths
Corneille
Paris
Cotin
Balzac
Ma muse
Sait
Midas
Pétrifié
i Chapelain
SATIRE IX
Bilaine
Cid
Paris
Chimène
Rodrigue
Académie
Chapelain
Linière
Paris
Phébus
Chapelain
Régnier
Quittez
Feuillet
Malherbe
Troubler
Danube
Délivrer de Sion
Faire
Memphis
Jourdain
Pellisson
Chapelain
i Fameux prédicateur
Saint-Cloucl
Paris
Iris
Soleil
"Aurore,
"
Sait
Détromper
Va
Va
Lucile
Lélie
Fit
Cotins d’Italie
Pelletiers
Fortifia
Réparer
2 Consul
Quinault
Pradon
Pelletier
Ablancourt
Patru
Cotin
Fend
Saufal
Perrin
Esprit !
Va prendre encor
Dieu
Amasser
État
Cotin
Cotin
Dieu
Cotin
i Auteurs
Parnasse
Namur
Homère
Horace
Virgile
Satire
Alcippe
Ton
Griffonné
"Petit coeur,"
Mon bon !
Habiles
Charmé
Juvénal
Rhée 2
Adam
Noé
A la triste
Phrynés
Laïs
Pénélope
Paris
Juvénal
Athènes
Corinthe
SATIRE
Ton
Chasteté
Fais toujours du logis
Trouva
Joconde
Fontaine
Molière
Villon
Saint-Gelais
Marot
Boccace
Rabelais
Les Conles
reine de Navarre
"Arracher de leurs yeux de véritables larmes.
"
"Je suis las de me voir le soir en ma maison
Seul"
E^
Dont Paris
Dépouillons
i Blandin
Rosset
SATIRE
Dieu
Etalant
Censurer
Dieu
Desmares
Saint-Roch 2
Port-Royal
Opéra
ta sainte
Paris
SATIRE
"Renauds, ces insensés Rolands ;"
Saura
Lulli
Digne
Angélique
Armide
Médor
Supposons
Clélie 3
Naviger
Vénus
Maximes
Quinault
Quinault
Roland et Armide.
Roman de Clélie
SATIRE
"Éprise d’un cadet, ivre d’un mousquetaire"
Cornu
Phèdre
"Z… et Messaline ;
"
Compter
Bâtit
lout
Si tu veux posséder ta Lucrèce
Lé
Envoie au blanchisseur ses roses
Déplorer
Versant
Devenir le butin d’un pique
Ouvrir sur cette table un champ
Ou promener trois dés
Tant d’heures
Sait du temps
Voit
Paris
Dont je veux bien ici te crayonner l’histoire
Trouvaient
Chercher un monstre affreux
Ni sa masse de chair bizarrement
Vénus
"Un vrai dissipateur, un parfait débauché"
Offrit
Dieu
Un vieux valet
Couvert
De chiffons ramassés clans
Dont la femme
Firent
Démens
Paris
A
De cette triste vie
Digne
Dont
Nouveau prédicateur
Bourdaloue
el l’avare
revécue
SATIRE
Richelet
Sainl-Cyr
Penses-tu
Alcippe
A
Versailles
SATIRE
Te
Isis
Euménide
Alecto 2
"Enéide,
"
Un tison à la main
Soufflant
Amate
Turnus
Ménacles
Traiter d’une visible
Isis
Isis
"Furies.
3 Enéide"
Courtois
Denyau
Digne
Hippocrate
Fagon
Dieu
Attacher
Roberval
Sauveur
Cassini 4
Un astrolabe
Jupiter
Gardons de la
Aura
Dalancé
i Médecins de Paris
Fagon
Fameux
Verney
Molière
"Perrins,"
Coras
Plaint Pradon
Rit des vains amateurs du grec
Aristote
"Cotin ;
"
Chapelain
Virgile
Croit
Médecin du roi
Précieuses
SATIRE
d’Italie
Sort d’aïeux
"combat '
Où"
Valois
Enghien
Etat
Hozier
Paris
Mon épouse
i Combat de Cérisoles
duc d’Enghien
Italie
Exigé
"Ni surtout de souffrir,"
Dieu
Alcippe
A Paris
Dieu
Humble
Esther
Que le vice
Dieu
"Bussys, les Brantômes"
Ma bouche
Pense
Dieu
Rodriguez
Va pour les malheureux
Hante
Ciel
ratafias
Confitures
Rouen
Dieu
Rouen
Engloutir
Dieu
Éprises
Dieu
"Par les chemins fleuris d’un charmant quiétisme
Tout à coup l’amenant au vrai molinosisme,
Il ne lui fait bientôt, aidé"
Goûter
"SATIRE X
La hais-tu"
Raptisant
Croit
Dieu
Théophraste
la Bruyère
Alcippe !
La Bruyère
"Caractères de Théophraste, cl"
SATIRE
Ciel
Capanée
Dieu
"Barreaux 2 ?
Mais, sans aller chercher cette femme"
Exiger d’un mari
Redouter
Battent
Phalaris
Capanée
Thèbes
Jupiter
II
Sicile
"Noble, sage"
Alcippe
Parisiens
Gens de douce nature
Alcippe
Point de procèS
Rolet
"Ou je ne réponds pas dans peu qu’on ne te voie,
Sous le faix des procès"
"Triste,.à"
"Satire xi
A"
"DE VALINCOUR
CONSEILLER DU ROI EN"
"COMMANDEMENTS DE MONSEIGNEUR LE COMTE DE TOULOUSE
"
"Valincour, est chéri dans le monde :
Chacun"
"Vive l’honneur !
"
Entendons
Interrogeons
"Courtisans, magistrats : chez"
Où chacun en public
Impudemment
A
Diogène le Cynique
SATIRE XI
Valincour ?
Pactole
Un faux brave
Un vrai fourbe
Un fou perdu d’honneur
Un roi
Hérode
Tibère
Saint-Évremond
Sénèque
Pétrone
Lydie
2 Saint-Évremond
Pétrone
Sénèque
"SATIRE XI
Sans elle la valeur, la force"
Gange
Terte
Saint-Ange
Césars
France
Reynie 3
Laisser
Rassemblez
Mithridate
Sylla
Tamerlan
Genséric
Athènes
Alexandre
Fameux voleurs de grands chemins
Paris
Sparte
Socrate
SATIRE XI
Disons
Caumartin
Bignon
Daguesseau
Arabe
"Un dévot aux yeux creux, et d’abstinence"
Dieu
Sois
détroit de Davis
Molinos
Évangile
Comblés
Concluons qu’ici-bas
Détroit
Nouvelle-Zemble
Ciel
Souffre
Saturne
"L’Honneur, cher Valincour,"
De leurs sages conseils
"Régnaient, chéris du ciel"
Ni ne s’appelait point
"L’Honneur, beau"
Maintenait
i Loi
Athéniens
"L’innocente Équité, honteusement"
Trouve
La Hauteur
Dédain
Luxe et l’Orgueil
le Mien
Tien
Procès et la Guerre
En tous lieux de ce pas
Bon Droit et de Tort
Bâtit
Trace
"Tue.
"
Jupiter
Du Tanaïs
Nil
Est
Tanaïs
Scythes
Est
Sur les tristes mortels le faux Honneur
Gouverne
Dieu
"DISCOURS DE L’AUTEUR
POUR SERVIR"
APOLOGIE
SATIRE
I'ÉQUIVOQUE
Auteuil
Vaugelas
Dieu
Providence
Église
Jésus-Christ
Église
Église
Église
M. le cardinal de Noailles
Dieu
"Satire xii
SUR L’EQUIVOQUE
Du langage français"
"De quel genre te faire, équivoque maudite,
"
Ou maudit ?
Sors
Mâle
Tourment des écrivains
Fuis
Veut
Si ma muse
Répandre
Pousser
"Benserade :
C’"
Muettes
Goûter
Tes bons mots
"Voiture
De ton froid jeu de mots l’insipide"
Et pour mille beaux
Fit
Dès le temps nouveau-né
Et tes mots
Comblé
Dieu
Fut
A
Armant
Dieu
Noé
semas
Dieu
Répandant
Nil
Adorer
Conjurer
Fit
Et la fourbe
Répandant
Dieu
Judée
Vainement on chercha la vertu
Dieu
Socrate
"Grèce,
Qu’était-il"
"Alcibiade ?
"
A
Dieu
Delphes
"Délos, tes oracles"
"Prêtres, pharisiens, rois"
Dieu
Fut du Gange
Nil
Tage
Tes ridicules dieux
Mars
Jupiter
Vénus
Satan
Arriva de l’enfer
Et l’Église
Sentit
Verbe
Remplit
"Évangile.
"
Nouvel
Arius
Valentin
Dieu
bornons
Luther
Calvin
Église
Bible
Fondre
Paris
Mercure
Appelant
Fit
Et l’orthodoxe
Oublia
Dieu
Dieu
Cent mille faux
Allèrent
Église
Ciel
Fit
Prenait
Dieu
Vomissant
Dieu
Ait
Dieu
Saint Pierre
Hardiment
Pourvu
Massacrer le voleur
A tes yeux
Exprimer
Tes subtils faux-fuyants
Froid
Pascal
Wendrock
Blâmer
Dieu
Prévenons
Confus
Monstre
Où l’Orne
la Sarthe
i Rivières
Normandie
Porte-la
Trévoux
Midas
Apollon
"M. POUJOULAT
« Voilà"
Louis XIV
Boileau
Colbert
Louis XIV
Boileau
Corneille
Alexandre
Pompée
Liban
Malherbe
Turcs
Conrart
Conrart
"Académie
française"
Le roi
Titus
Dôle
Franche-Comté
canal du Languedoc
Horace
IV
vm
Auguste
Virgiles
Martial
Avis
Boileau
Boileau
Charles Nodier
"Boileau
de"
"Despréaux
avait"
Fontaine
Corbin
Mazier
Claude
Charenton
Perse
Horace
Virgile
Ovide
Boileau
Rhin
Louis XIV
Hollande
Le Rhin
Hollande
"mont Adule,"
Rhin
Saint- Gothard
Romain
Jules César
Rhin
Hollande
Asie
Louis XIV
Grèce
Rhin
Mme de Sévigné
Boileau
Perse
Despréaux
Horace
Boileau
"Post equitem
sedet alra cura"
Horace
Cratès
Thèbes
Alexandre
Boileau
Lyon
Amiens
Rohault
Traité de physique
Bemier
Gassendi
Boileau
Pascal
Horace
Iccius
"Ier, épître xn"
Boileau
Racine
Guilleragues
Constantinople
Nointel
S
la France
Virgile
"Horace
: le secret de cette"
"Chrétien-François
de Lamoignon"
Boileau
M. de Lamoignon
Horace
Boileau
Boileau
Bergerat
Racine
"Pradon contre
Despréaux"
Caudebec
Boileau
Phèdre
Racine
Mme Deshoulières
duc de Nevers
Bouillon
Racine
duc de Nevers
duchesse de Mazarin
Racine
Boileau
duc de Nevers
Valenciennes
Cambrai
S
MONSIEUR
Saint-Omer
bataille de Cassel
prince d’
Boileau
Haute-Isle
Roche-Guyon
M. Dongois
Boileau
Auteuil
Haute-lsle
Roche-Guyon
Boileau
duc de la Rochefoucauld
Boileau
M. Dongois
Boileau
François Huppé
Françoise Barbier
Bâville
M. de Lamoignon
Bouillon
Pradon
Racine
Phèdre
Racine
Molière
Broussain
"École
des femmes"
"Jonas », c’"
"Jacques
Coras"
Toulouse
Senlis
Mmo Deshoulières
Boileau
Amyot
François Tallemant
Plutarque
septième épître
Horace
Ier
Perrin
Coras
Linière
Pantilius
"Demetrius,
Faunius"
Louis XIV
Condé
Enghien
Colbert
la Rochefoucauld
Auguste
Mécène
Virgile
Plotius
Boileau
Brioché
Phèdre de Pradon
Boileau
Racine
Turenne
Boileau
Childebrand
Sainte-Garde
Charlemagne
Louis le Laboureur
Despréaux
Voltaire
Boileau
Despréaux
Charlemagne
Condé
Charlemagne
Condé
marquis de Seignelay
Colbert
Seignelay
Gênes
Versailles
Anglais
Hollandais
État
Boileau
Seignelay
Despréaux
"Maucroix
une lettre qui nous paraît être la préface naturelle de l’épître
dixième ;"
Boileau
Boileau
"Solve senescentem !
"
Barbin
Thierry
Boileau
Pradon
Buzée
Hayneuve.
Pyrame
Régulus
"Pradon.
"
Boileau
Bragelogne
Amelot
Gilbert
M. Dongois: de Lionne
de France
Boileau
Arnauld
Despréaux
Horace
Rome
Auguste
Boileau
Auteuil
Boileau
Molière
Us
Messieurs
Racine
Auteuil
Boileau
Horace
Boileau
Antoine
jardin d’Auteuil
Versailles
Antoine
Boileau
Antoine
Aguesseau
Boileau
Aguesseau
État
Guenaud
Rainssant
Brayer
Dieu
Antoine Arnauld
Provinciales
Dieu
Abély
Abelly
Saint-Josse
Paris
Rodez
Paris
SaintLazare
Moelle théologique
Medulla
Lsambert
Binsfeld
Trêves
Basile Ponce
Saint-Augustin
abbé Renaudot
Bossuet
"abbaye de Saint-Germain-desPrés
une quantité de précieux manuscrits orientaux"
Bibliothèque nationale
Boileau
AVIS AU
"Epitre i
AU ROI
Grand roi"
Apollon
Alexandre
"César » ;
"
Mars
"Alcide » ;
"
Te
Bosphore
Nil
Me
Phébus
Parnasse
Cotins des armes
la France
Memphis
Byzance
Euphrate
Liban
Honteux
Conrart
i Francoeur
de Lille
Bruxelle
Escaut
Rhin
Échauffer
Jouissons
Pyrrhus
Rome
Alexandre
Rome
Latins
"Sicile
De là nous tend les bras"
Syracuse
Carthage
Vie de Pyrrhus
Libye
Asservir
Egypte
Arabie
Courir
Gange
Faire
Scythe
Tanaïs
cher Cinéas
Eh !
Épire
Pyrrhus
Mars
La Seine
Rourbons
Tibre
Sache
La terre
Rome
Vit
Saturne
"Rhée ;
Qui rendit"
Suivront aux champs de Mars
Iront
Dôle
Pyrénées
Dont la triste indigence
Enveloppe
France
canal de Languedoc
Le roi
l’Europe
EPITRE
Achille
Ilion
Énée
Apollon
Auguste
Vont
Sens
"Epitre ii
A"
"DES ROCHES
"
Ni suivre une raison qui parle par ma voix ?
"Horace,
"
"Parnasse !
Nos"
Linière
Aura
Punir
AuzanetJ
Fameux avocat
Paris
Caen
Normand
Oise
As
Faire enrouer
Corbin
Mazierl
Allumait
Retiens bien la leçon
La Justice
La Justice
"Demande l’huître, l’"
"Epitre iii
"
"DOCTEUR DE SORBONNE
Oui, sans peine"
Claude
Église
Claude
Charenton
Dieu
Fait mourir
Arnauld
Asservit
Claude
Charenton.2
Paris
R. P. R.
Dieu
Et ne brave
Dieu
Faisons
Répondra
Un bénitier aux pieds
Prévenons
Ciel
Profitons
"Adam, déchu"
Forçât
Arnauld
Allume
le Rhin
Tholus
M. de Soubise
Seine
Longueville
"Epitre iv
AU ROI
En vain"
Hollande
Issel
"Tessel.
"
"Woërden ?
"
Heusden
"Zuiderzée ?
"
Zutphen
Wageninghen
"Leck,
"
Laissaient
Pégase
Mon Apollon
Nimègue
Que ma muse
Rhin
Muses
mont Adule
Le Rhin
Dormait
A
Que Rhinberg
Tholus
i Montagne
Rhin
Jupiter
Romain
Le Rhin
Escaut
Ait
Montrons
Skink
Grands
Du Rhin
Tholus
Jules César
Hollandais
Pro
Laissez là ces mousquets
Ressuscite
Louis
Grammont
Nage
Revel
Marche des cuirassiers l’escadron
Lesdiguière i
Vivonne
Nantouillet
"Salart ;
"
Vendôme
La Salle
Beringhen
Nogent
Ambre
Fendent
Louis
comte de Guiche
comte de Saux
le Rhin
M. le prince
M. le duc
Cent guerriers
Le Rhin
Louis
Grammont
Mars
"Bellone :
"
Le Rhin
Un bruit
Enghien
Condé
Condé
Louis
A Wurtsi
Hector
"Wurts !
Sans ce terrible"
"Skink, dans mes vers emporté,
De ses fameux remparts"
Wurts
Arnheim
"Hildesheim.
"
Ciel
"Scamandre ;
D’y trouver d’"
Ilion
Grecs
Firent
Louis
Hellespont
"Epitre v
"
Aspirait
Rientôt
Aiguisent
Pinchêne
Pinchêne
Voilure
Mes défauts désormais
Saturne
Que Rohauti
Bernier
Alexandre
Cherche
Où le Perse
i Fameux
Gassendi
Paris
Cusco
Potose 2
Ciel
Guérissant
Tourmenta
Déjà nouveau seigneur
En mille vains projets
i Ville du
Pérou
Montagne
l’Amérique
EPITRE V
louis
Patru
la France
Jeta
Guilleragues
Ton
En mourant me laissa
"Un revenu léger,"
i Fameux
Aristippe
Diogène
Cratès
Parnasse
Dormir
Crut
"Ni les cris douloureux de mes vains adversaires,
Ne"
Me
Ou d’un vil intérêt
"Epitre vi
A"
"DE LAMOIGNON
"
La Seine
Voit
Le soleil
Et le mont
Chrétien-François de Lamoignon de Bâville
Guillaume de Lamoignon
Roche-Guyon
M. Dongois
Lamoignon
Met
Parque
Ou d’un plomb
"Broussain,
Tout ce qu’on boit"
Bergeratd
Paris
Veut qu’encor tout poudreux
Marais
i Fameux
"Hier, dit-on, de vous"
Pradon
au Louvre
Palais-Royal 2
Donna
Contre eux la vérité m’est un faible secours
Paris
Juge si
Muses
Sorte de chapeaux de laine
Caudebec
Normandie
Croit
Apollon
Valencienne
"Que Cambrai, des Français"
Saint-Omer
Nassau
Philippe
Dieu
"Achilles,
Croit"
la France
Vit
Sur les bords du Permesse
bataille de Cassel
Philippe de France
Croit
Déjà moins plein de feu
Ma muse
Apollon
"Lion,
Et"
Paris
Lamoignon
Paris
Thémis
Paris
Attendre
Cérès
Pomone
Bacchus
EPITRE
Paris
Bâville
Thémis
Apprenti cavalier galoper
Où Polycrène 2
Discourir
"Ou la vaste science, ou la vertu"
"Heureux si les fâcheux, prompts à nous y chercher,
N’y viennent point"
Bâville
M. de Lamoignon
Fontaine
Bâville
Lamoignon
"Epitre vii
"
Racine
Aulide
"Grèce assemblée
Que dans l’heureux spectacle"
Champmeslé
Sitôt
Apollon
Trouve
"Molière,
Mille de ces beaux"
Furent des sots esprits à nos yeux rebutés
"EPITRE VII
En habits de marquis"
Pour prix de ses bons mots
La Parque
Suis les pas de
Sophocle
Corneille
Paris
Attachant
Ciel
Racine
Cid
Cinna
Et peut-être ta plume aux censeurs
"Pyrrhus
Doit"
Burrhus
la France
Sitôt
Imite
"Un flot de vains auteurs follement te ravale,
Profite de leur haine et de leur mauvais sens,
Ris du bruit passager de leurs cris impuissants."
Le Parnasse français
Contre tous ces complots
Phèdre
Vit
Perrin
France
Jonas
Senlis
Ou le sec traducteur du français
"Amyot :
Pourvu"
Pourvu
Chantilly Condé
Enghien
Colbert
"Vivonne,
Que la Rochefoucauld"
"Marsillac et Pomponne,
Et mille autres"
A
Que Montausier
"Admirateurs zélés de toute oeuvre insipide,
Que, non loin de la place"
Brioché
"Pradon !
i Linière"
"Epitre viii
AU ROI
Grand roi"
Enéide
Déshonorent
Dinan
Limbourg
Bouchain
Condé
Ton
Court
Versailles
Te
muses
Font
Louis
Pharsale
La Pharsale
EPITRE VIII
Songe
Perrin
"Pradon.
"
Vint
Charlemagne
"EPITRE VIII
Horace"
Tullius
Tigellius
Glycère
Auguste
Horace
Perse
Pinchêne
Sénateur
César
Auguste
"Epitre ix
A"
Prêt
Ëbre 2
Gange
Croit
Olympe
Serre
Avalent
Dont
Donne de l’encensoir
Jean-Baptiste Colbert
État
Jean-Baptiste Colbert
État
Va louer Monterey
Oudenarde
Turenne
Alexandre
Mars
Mécène
Pelée 2
Alcmène
Louis
Imposeraient
Un coeur noble
Vante
Si
Pays-Bas
Achille
EPITRE IX
Jonas
Childebrand
Ni tous ces vains amas de frivoles
Miroir d’amour
"Amitiés, Amourettes,
Dont"
"Seignelay, je m’abuse.
Cessons"
Sait
grimace
Le Normand
Affecta
Apprirent
Composa
Le Parnasse
Diffama
Où toujours le héros
Ton
Ta
Condé
Condé
Flamands
Traçait
Senef 2
Malherbe
Courage sans pareil !
Iraient
Pacolet
Louis de Bourbon
prince de Condé
Combat fameux de monseigneur le prince
Commencement du poëme
Charlemagne
Dieu
Amour de Dieu
Dieu
appréhenderont
Sorbonne
Oratoire
Meaux
Église
Ciel
Paris
Attrilio
"ullo ad Deum offensum
respeclu "
supernaturalis
Jacques-Bénigne Bossuet
Louis-Antoine de Noaillos
Paris
"Epitre x
A"
Barbin
Vains
Charmer
Devenir quelquefois proverbes
Du Parnasse français
Vint
i Libraire
Onze lustres complets
Mes Vers
Régnier
A Pinchêne
Linière
Perrin
Pièce
Interdire chez vous l’entrée aux hyperboles ;
Traiter tout noble mot de terme
Huer
Cid
Grands mots
Pradon
Trouver
Pyrame
Régulus
Thierry
Buzée
Hayneuve
Souffrir
Jonas
Cinna
"Andromaque,
Vous croyez à grands"
Eh bien !
Amorcé
Dont
Fut
Pièces de théâtre de Pradon
Poëme
Fit
"Ni petit, ni trop grand, très-peu voluptueux"
Ami de la vertu
Fils
Studieux amateur
Perse
"Horace,
Assez près"
Régnier
"Parnasse ;
"
Permesse
"Elever assez haut mes poétiques ailes ;
"
Voulut
Colbert
i A Auteuil
Marquez
"Ignace
Étant,"
Arnauld
grand Arnauld
Courez
Aurore
Hydaspe
Barbin
M. Arnauld
Indes
"Epitre xi
A MON JARDINIER
Laborieux"
Antoine
j ardin d’Auteuil
Sais si
Quintinie
Effrayer les oiseaux
Aimon
Charlemagne
de France
Mons
Namur
Alexandre
Un bizarre
Antoine
Fît
Sût
Daguesseau
Sût
Me
Antoine
Promettent
Sorcières
Orphées
Que l’ennuyeux loisir
Muses
Usurpant
Irritent
La pierre
Rainssant
Brayer
Reconnais
Antoine
i Fameux
"Epitre xii
SUR L’"
"AMOUR DE DIEU
"
Dieu
Aux yeux de Dieu
Dieu
Le Saint-Esprit
Y
Luther
Craint
Dieu
Dieu
Vil
Dieu
A
Confesseurs
Dieu
Renaudot
Dieu
Dieu
Dieu
Dieu
Docte
Dieu
Platons
Dieu
Dieu
EPITRE XII
Dieu
Allume
Dieu
Dieu
De l’amour
Dieu
Innocent XI
Innocent XII
Dieu
Ni le chrétien en pleurs
Église
Dieu
Dieu
Le Saint-Esprit
Satan
Avouez
Donner
Dieu
Est
Dont
Pouvoir
Cacher
Dieu
Où crut
Abély
En vers audacieux
Le Dieu
Dieu
Isambert
"Val ?
Dieu"
Oseront
i Auteur
cetle
Dieu
Dieu
Dieu
Dieu
Dieu
Dieu
Séparera
Malheureux qui soutiens
Prétendis
"EPITRE XII
De quelque ardeur pour moi sentît les mouvements,
Et gardât"
Orthodoxe
Avez délivré l’homme
"Créateur ;
"
Dieu
Dieu
Dieu
"Soutenir l’amertume et la dérision.
"
Demeura
Binsfeld
Basile Ponce
concile de Trente
Saint-Augustin
"M. POUJOULAT
"
Boileau
Boileau
Boileau
Les Satires
Épîtres
Art poétique
Boileau
Boileau
France
poëme de Despréaux
Phébus
Apollon
Fidèle
"Art poétique l’un après l’autre, les éclaircissements,
les rapprochements et les rectifications"
Boileau
Faret
comte d’
Richelieu
Lorraine
Vaugelas
Boisrobert
Académie française
Honnête
Pélisson
Boileau
"VAlaric de
Scudéri."
Horace
Apollon
Virgile
Scarron
Tabarin
Paris
Despréaux
Charles d’Assouci
Parnasse
marmiton des Muses
Scarron
Boileau
Cicéron
Boileau
Parnasse
Boileau
xiie
Boileau
Romancero français
Villon
Villon
Rabelais
Fontaine
Villon
Boileau
Boileau
Ronsard
Français
hault
Ronsard
Boileau
la Bruyère
Ronsard
Ronsard
Boileau
Ronsard
Dante
Boileau
la France
Victor Hugo
Cromwell
"Ronsard, « un art"
Boileau
Boileau
Abject
Fait parler ses bergers
Victor Hugo
Boileau
Théocrite
Virgile
Auguste
Tityre
"Ménalque
et"
Boileau
Combaud
Maynard
Malleville
Sainlonge
Henri IV
Louis XIII
Louis XIV
Académie française
"Marie de
Médicis"
Henri IV
Malherbe
Gombaud
Maynard
Toulouse
Régnier
"Desportes,
et pour maître"
Malherbe
cardinal de Richelieu
Maynard
François Ier
"Cocyte :
S’il me demande à quel emploi
Tu m’as"
État
Rome
M. de Noailles
Urbain
Maynard
Las
Muses
Art poétique
Job
Uranie
Malleville
Relie Matineuse
Ménage.
maréchal de Bassompierre
Boileau
"Évangile »,
et"
André
André
Boullanger
France
Bossuet
Bourdaloue
Massillon
Boileau
P. André
Église
saint Augustin
saint Ambroise
saint Jérôme
saint Grégoire le Grand
P. André
saint Grégoire le Grand
P. André
grand Condé
saint Paul
Paris
abbé Bossuet
Boileau
"Horace, de"
Perse
Juvénal
Régnier
Despréaux
Boileau
Régnier
Régnier
Régnier
Boileau
Boileau
Français
Olivier Basselin
Val-de-Vire
Normandie
Despréaux
Pierre Petit
Paris
Mazarin
Inventez des ressorts
Boileau
M. Sainte-Beuve
Boileau
Despréaux
Tienne
Vauvenargues
Corneille
Racine
Mothe-Houdard
Voltaire
la Mothe
M. Victor Hugo
Cromwell
Lilliput
"Lilliput » !
"
Plaire
France
Espaguols
Anglais
Athalie
Aristote
Voltaire
Aristote
Corneille
Aristote
Horace
Boileau
Corneille
Boileau
Corneille
Sophocle
"Où jamais n’atteignit la faiblesse latine,
Boileau"
"Quintilien, liv"
M. Daunou
"Art poétique,
fait"
Quintilien
Quintilien
Thyeste
Varius
Eschyle
Sophocle
Boileau
pays du Midi
Crèche
France
Boileau
Horace
Sénèque
"le Tragique de décrire sans
raison
En quel affreux"
Euxin
Tanaïs
Artamène
Cyrus
Mlle de Scudéri
Juba
"Cléopâtre,
composé"
Cléopâtre
Artaban
Boileau
Desmarets
Desmarets
Clovis
France
Neptune
Éole
Junon
Tritons
Pan
Parques
Boileau
Le Paradis perdu de Milton
Voltaire
France
Homère
Boileau
le Paradis perdu
"Milton
n’aurait pas été"
Despréaux
Boileau
Molière
Misanthrope
Molière
Boileau
Molière
Térence
Boileau
Florence
Paris
Claude Perrault
Boileau
Charles Perrault
Boileau
Claude Perrault
Despréaux
Claude Perrault
Boileau
"Charles
Perrault"
Boileau
Homère
Bergerac
Boileau
Périgourdin
Pédant
Voyage dans la lune
"Histoire comique
des États et empires du soleil"
Voltaire
Fontenelle
Bergerac
A'Agrippine
Séjan
Séjan
Boileau
Boileau
"Charles
du Perrier"
VArt
"Charles
du Perrier"
Aix
Provence
Malherbe
Santeul
Boileau
Virgile
Horace
Racine
Louis Racine
Boileau
Boileau
Orphée
Boileau
Dieu
"Chant i
"
Parnasse
Pense
Ciel
Phébus
Pégase
Courez du bel esprit
"Ni prendre pour génie un amour de rimer :
Craignez"
Sait
"ART POETIQUE
Malherbe"
"Philis, les bergers et les bois :
Mais souvent un esprit"
Méconnaît
Faret
Charbonner
Chanter du peuple hébreu
Moïse
Court
Pharaon
l’Italie
Moïse
Honnête
Saint-Amant
CHANT I
Fuyez
Heureux
Ciel
Scudéri
"ART POETIQUE
"
Barbin
Trompa
Le Parnasse
Apollon
Assoucy
Dédaigna
Distingua
Marot
Pont-Neuf 3
Sublime
Ayez
VOvide
mithridate
Suspende
Gardez
Fuyez
Parnasse françois
Le caprice
Villon
Débrouiller
Marot
"Tourna des triolets, rima des mascarades,
"
A
Ronsard
Réglant
Vit
Tomber
Rendit
Desportes
Bertaut
Malherbe
France
Fit
Roman de la Rose
Marchez
"Ni d’un vers ampoulé l’orgueilleux solécisme.
Sans la langue"
Travaillez
Scudéri
Vingt fois sur le métier remettez
Dépouillez
Ah !
Un sot
"ART POÉTIQUE
Ne"
"Chanter Flore, les champs,"
Pomone
Changer Narcisse
Daphné
Rend
Telle
Amour
Ovide
"églogue iv.
Élevant"
Pise
Chante
Mène
Achille
"Simoïs,
Ou"
Escaut
Louis
Vante
Iris
Garde
Maigres historiens
Dôle
Lille
Ait
Courtrai
Apollon
Inventa
Voulut
Fussent
i Pise
Élide
"ART POÉTIQUE
Lui"
Défendit
Ni qu’un mot
Gombaud
Maynard
"Malleville,
En peut-on admirer deux"
Pelletier
Sercy
Italie
A
Parnasse
Fidèles
i Libraire du Palais
Silvie de Mairet
chaire i
"Évangile.
"
Pourvu
Roulât
Turlupins
Insipides
fuyez
"Respire la douceur, la tendresse et l’amour"
Arma la Vérité du vers de la satire
Lucile
Romains
Vengea
André
Horace
fat
Put
Perse
Affecta
Poussa
Étincellent
Caprée
Séjan
Rome
Messaline
Régnier
Heureux si
Satire
Satire
Satire vi
Français
Passe de bouche en bouche
Faire Dieu
A
Conduisent
Inspirer
Linière
Gardez qu’un sot orgueil
Couronné de lauriers
Nanteuil
i Fameux graveur.
"Chant iii
"
OEdipe
Oreste
Où tout Paris
Aille
Ou n’excite en notre âme une pitié
Inventez des ressorts
aplanisse
"Agamemnon,
Que d’aller,"
Pyrénées
Tienne
II
"Euripide.
"
Change
Thespis
Promena
Amusa
Eschyle
Fit
Sophocle
Accrut
Intéressa
Grecs
Fut
la France
Paris
Allique
"ART POETIQUE
"
Joua
la Vierge
Dieu
Fit
Hector
Ilion 4
Est
Achille
Tyrcis
Philène ;
Cyrus
Paraisse
Achille
Agamemnon
Énée
Conservez
Louis XIII
France
Eslher
Alhalie
"CHANT III 317
Des siècles, des pays"
"Clélie,
L’air ni l’esprit français"
Italie
Peindre Caton
Brutus
Calprenède
Juba
Troie
Hécube
Ni sans raison décrire
Euxin
Tanaïs
Sénèque
Troade
fat
Minerve
Vénus
Jupiter
"Un orage terrible, aux yeux des matelots,
C’est"
Neptune
Narcisse
Orne
"CHANT III 319
Et"
Énée
Junon
Poursuive
Ilion
Éole
Italie
Ouvre aux vents mutinés les prisons d’
Neptune
Délivre
Bannissant
Dieu
Lucifer
Évangile
Sainl-Sorlin Desmarets
Dieu
"Le Tasse, dira-t-on,"
Italie
Satan
Renaud
"Argant, Tancrède"
Un auteur follement idolâtre
Fable
De chasser les Tritons
Pan
Parques
"Caron, dans la fatale"
Thémis
Guerre
Ou le Temps
i Voyez le Tasse
"Voyez T’Arioste.
CHANT III 321
Du Dieu"
La Fable
Agamemnon
"Idoménée,
Hélène"
Paris
Hector
Énée
"Childebrand !
D’un seul"
César
Alexandre
Louis
Polynice
Achille
Remplit
Iliade
L’Hébreu
"Met,"
Polynice
guerre de Thèbes
Voyez la Thébaïde
"Stace.
2"
Saint-Amant
Moïse
"ART POETIQUE
"
Pégase
"Crier à vos lecteurs, d’une voix de tonnerre :
« Je chante le vainqueur des vainqueurs de la terre"
Me
"Ausonie,
Le premier"
Lavinie
Latins
Styx
Achéron
Césars
Elysée
Si les Grâces
"i Alarie, poëme de"
CHANT III
Homère
Vénus
Enflant
Virgile
Homère
i Iliade
Combattent
Athènes
Grec
Distilla
Socrate
Défendit
Ménandre
Les Nuées
Aristophane
Auteurs
"Un honnête homme, un fat, un jaloux, un bizarre ;
"
"Un geste la découvre, un rien la fait paraître :
Mais tout esprit"
Est
Est
Rétif
Contre les coups du sort songe
Inhabile
Blâme
Un vieillard en jeune homme
"ART POETIQUE
Étudiez la cour"
Molière
Térence
Tabarin
"Scapin d s’enveloppe,
Je ne reconnais plus"
Contemplez de quel air un père
Térence 2
Molière
Simon
Démée
le Pont-Neuf
Aux laquais assemblés jouer ses mascarades.
"Chant iv
Dans"
Florence
Savant
"Mansard :
D’un salon"
mande
Notre assassin
Galien
"ART POÉTIQUE
"
Boyer
Pinchêne
Rampale
"Mesnardière
Que Magnon"
Morlière 2
Bergerac
Motin
Gombaud
Un fat
Apollon
"En tous lieux aussitôt ne courez pas les lire.
Gardez-vous d’imiter ce rimeur furieux"
i Auteur
Magnon
l’Encyclopédie
l’Iliade
Corbin
Bible mol
Cyrano de Bergerac
Voyage dans la lune
Aborde
corrigez sans murmure
Blâme
Pense
Lucain
Virgile
i II
Trahissant
Traitent d’empoisonneurs
Rodrigue
"Chimène.
"
Didon
Fuyez
Cultivez
Travaillez
Apollon
Eût
Dispersés dans les bois
Rassembla
Enferma
Orphée
Thrace
Amphion
Apollon
Homère
Hésiode
Des champs trop paresseux
Introduits par l’oreille
Muses
Grèce
Le Parnasse
Trafiqua
Fuyez
Apollon
Goûte
Hélicon
Horace
"Où d’un prince éclairé la sage prévoyance
Fait partout au mérite"
Muses
Corneille
Cid
"Horace ;
Que"
Racine
Benserade
Segrais
Rhin
"Alcide ?
Quelle savante lyre"
Fera marcher encor les rochers
Chantera le Batave
Dira
Mastricht
Alpes
Déjà Dôle
Salins
Besançon
Fiers du honteux honneur
"Parnasse
Rapporta, jeune"
"Horace ;
Seconder"
Censeur
I'
"M. POUJOULAT
"
Boileau
Boileau
M. Nisard
Despréaux
Lamoignon
Boileau
Ilion »
Art poétique
le Lutrin
Boileau
Sainte-Chapelle de Paris
Bourges
de Bourges
Didon
Défaite des bouts^rimés de
"Sarasin
étant plutôt"
Sarasin
Boileau
poëme
Paris
Claude
Coutances
Sainte-Chapelle de Paris
Jacques Barrin
la Galissonnière
saint Louis
Eudes de Montreuil
MM. Viollet-Leduc
Lassus
Sainte-Chapelle
Boileau
Paris
Charles V
SainteChapelle
Cordeliers
Minimes
Discorde
Augustins
Pygmées
Indiens
Sidrac
Sainte-Chapelle
Boileau
Aleth »
Nicolas Pavillon
Aleth
saint Vincent de Paul
cardinal de Richelieu
"Vincent de
Paul"
Nicolas Pavillon
Aleth
Boileau
Brontin
Médecin
Amour
Boileau
Orléans
la Nuit dans le troisième chant du Lutrin
Montlhéry
Boileau
Brossette
Boileau
Despréaux
Ribou
Haynaut.
Ilaynaut
Esnault
Boursault
Perrault
Boileau
"bataille de Lens
gagnée"
grand Condé
Boileau
Lutrin
Louis XIV
roi de France
Saint-Jean-de-Latran
"Saint-Martin de
Tours"
L’Italie
Bologne
Modène
Modène
Tassoni
Secchia
Italie
Paris
Urbain VIII
chanoine Evrard
M. Daunou
Sainte-Chapelle
Roger Danse
"Ense,"
Alain
chanoine Aubery
président de Lamoignon
Bauny
Pascal
ivc
Somme
Bauny
Rome
de France
Raconis
Lavaur
Colbert
Augustin Courbé
Édit d’amour
"Noeud
d’amour"
Régnier-Desmarais
Bonnecorse
le Tasse français
Michel le Clerc
Almerinde
Simandre
Vayer
Giraut
Giraut
Dialogues
Inforliat
Boileau
Accurse
Alciat
Boileau
Lutrin
Lamoignon
Boileau
Despréaux
M. de Lamoignon
La Piété
Thémis
Lutrin
poëme du Lutrin
Virgile
"Arioste, qui quelquefois, sur le
point"
Turpin
"moi,.je"
poëme du Lutrin
Montlhéry
Bourgogne
"Nuit prenne
le chemin de Paris"
Montlhéry
Didon
Énée
Didon
Énée
Défaite des bouts-rimes
Sarasin
AVIS AU
Paris
Académie
président de Lamoignon
cle justice !
"Chant i
Je chante les combats"
Fit
Église
Lamoignon
Et garde-toi de rire
Paris
Veillaient
Dieu
Cordeliers
Minimes
"Paix,
S’arrêta"
A
Évreux
"Mans
Accourir"
Normands
Thémis
Garde
Fait siffler
CHANT I
Diviser Cordeliers
Carmes
"Célestins !
"
"Augustins !
"
Nourrira
Règne
"Fait gémir les coussins sous sa molle épaisseur.
"
Église
Chante
"Enéide, 1"
I
Attendsrtu
Sors
Exhale
Gilotin
Demeure
Gilotin
Pygmée
De l’Hèbre 2
Strymon 3
A
Gilotin
Sitôt
MAGNIFICAT
Usurpe
Donne à votre lutrin
Fleuve
Thrace
Fleuve
Thrace
Macédoine
A
Gilotin
Sidrac
A
Écoute
Ciel
Fut
Dont
Ombrageaient
Découvert au grand jour
"CHANT I 357
Soit"
Fit tomber
"Où depuis trente hivers, sans gloire"
Aillent
Ciel
Abîme
Église
Aleth
Paris
Dieu
loil
"Rougit, en approchant, d’une honnête pudeur"
Bénit
"Brontin
Est"
Amour
Est
Anne
Médecin
M. Despréaux
Perdit
"Chant ii
Cependant cet oiseau"
Dit
Renommée
Va d’un mortel
i Enéide
Arme aujourd’hui ton bras
Diffère
Dont ton amour
le Rhin
la Loire
Si le Ciel
Nous goûterions encor des plaisirs
Raffermis
Ciel
Un prélat
Dissipe
Alison
Brontin
Sort
"Gilotin,"
églogue i
Brontin
Boirude
Retire
Discorde
Cîteaux
Mollesse
Les Plaisirs nonchalants folâtrent
La Volupté
le Sommeil
Mollesse
Quand la Nuit
"paix
Marcher"
La Discorde
Ciel
"La Mollesse,"
Ouvre un oeil
Laisse tomber
"Où les rois s’honoraient du nom de fainéants,
S’endormaient sur le trône, et, me servant sans honte,
Laissaient"
Flore
Promenaient
Paris
"Ciel impitoyable
A"
Que l’Église du moins
Moines
Trappe 1
Saint-Denis
"Le Carme, le Feuillant"
"Clairvaux.
Cîteaux"
"Sainte-Chapelle
Conservait du vieux temps l’oisiveté"
Ah !
Mollesse
Abbaye de Saint-Bernard
"Armand Boulhilliev de
Rancé"
"Chant iii
Mais la Nuit"
Revole
Paris
Montlhéryi
Mille oiseaux
Trouvait
Sait
Paris
Orléans
Nuit dans ces sauvages lieux
Progné de douleur
Philomèle
De Paris
"La Nuit baisse la vue, et"
Observe les guerriers
Gilotin
Bacchus
"Nuit.
"
Du Palais
Bacchus
Où Ribou
"CHANT III 369
L’amas"
"Haynaut :
Quand Boirude,"
Est
"Boirude ;
"
Brontin
Achève
Géorgiques
I
"Enéide, 1"
I
Boirude
Va
Argus
Sidrac
Sur un bâton
Dont la chicane
gourmander
Dont mon oeil
L’Eglise
Eût
Songez quel déshonneur
Méritez
Apprenne
Rend
Condé
Nestor
Rhin
Escaut
Èbre
Lens
Ta
Rallia
Répandit
Rit du honteux
"machine emportée
Est"
"Offrir ton corps aux clous, et ta tête"
"Chant iv
"
Appelaient
Girot
Valet
Le chantre
Mêle
Dont le triangle
Surpassait
Girot
Où sur l’ouate molle
Court
Vis
Italie
A
Girot
Rend
Ta profane fureur
"Dieu !
"
Homère
Guerre des Rais el des Grenouilles
Renonçons
Ciel
Jouira
"Girot, je veux"
Périssons
"ais brisés
Entraînons, en mourant"
Jean
sonneur Girard
Deux Manceaux
"Nous allions, dit"
Girard
"CHANT IV 377
Réveiller ces valets"
A
Reprend le chaud vieillard : le prélat vous
Courber
Eh bien ! allez ;
Girot
Trouve
Girot
"Discorde infernale
Monte"
Palais
"Fait sortir le démon du tumulte et du bruit.
"
Instrument
Sainte-Chapelle
Pense
En soi
Louis
"Versailles,
Au retour du soleil"
zéphyrs
Fait dans les champs de Mars
Danube
Tage
Bruxelle
Batave
Girot
Flatte
Fait mourir l’appétit
Evrard
Ose
Alain
Alain
Bauny
Somme
"Abély, qui sait tout"
"Raconis,
Et même entend, dit-on, le latin"
A-Kempis
CHANT IV
Mes yeux
chapelain Garnier
saint Louis
Consultons
Bauny
"Aurore
Rallumera"
Abély
Evrard
Reims
Mon bras
Arnauld
i Fameux auteur
Moelle Ihéologique
Medulla
Rétablit
Allons
Donnons
"Gelons *
Tombe"
Fond enfin un vieux toit sous ses tuiles brisées
"ais arrachés
Sont aux yeux des mortels"
"i Peuples de la Sarmatie, voisins"
"Chant v
"
Sidrac
Et sur un bois
Vainement d’un breuvage
Tel Hercule
"Sibylle :
Son antre"
De l’antre redouté les soupiraux
Est
Normands
Hurle
Sibylle
Disette
"Les Chagrins dévorants, et l’infâme"
"Ruine,
Enfants infortunés de ses raffinements,
"
Troublent
Rend
Thémis
Incessamment
Fit
Pussort
Reine
Rend
Toi
le Mans
à Caen
Épuise
Du Digeste
"Code ouvre-nous le dédale,
"
Thémis
La Sibylle
M. Pussort
État
Code.
Verse
A
Immolent trente
"Renommée,
Semant"
Conter l’affreux
Sibylle
Evrard
Barbin
i Barbin
"CHANT V 385
"
Descendaient du palais l’escalier
A
Evrard
coudoyé
"Boirude,
Ne"
Barbin
Saisissant du
Cyrus
Boirude
Va frapper
Sidrac
Tombe
Evrard
Discorde
Evrard
"Géorgiqucs, 1"
Abat l’honneur
Noeud
Montre
Jonas
Tasse français
Barbin
Veut
Térence
Xénophon
Furent
Almerinde
"Simandre :
Et toi"
Caloandre
Gaillerbois
Vayer épais Giraut
Marineau
Brébeuf
Et maudit la Pharsale
Pinchêne
Dodillon
Garagne
Roman
"Scudéri.
CHANT V 387
Girou"
Église
Est
Guibert
"Gorillon la basse,"
Grandin
Gerbais
Guérin
Fuit d’agneaux
Achille
Xanthe
Troyens
Brontin
Boirude
Illustre
"Accepte de mon corps l’épaisseur favorable f.
Viens, et, sous ce rempart,"
Fais voler
Quinault
Frappe du noble
i Iliade
Lance
"Infortiatd
Grossi"
Accurse
Alciat
Dont
Avicenne
Fait tomber
Bénit
Crier aux combattants : Profanes
Evrard
Bénit
Va goûter les doux fruits de sa sainte victoire ;
"Chant vi
"
La Piété
Alpes
Paris
L’Espérance
Charité
Paris
Thémis
"Ne viendrai-je jamais en tes bras salutaires
i"
Alpes
Ravager
États
A
Couraient
Église
armorier
"Ambition partout chassa l’Humilité ;
Dans la crasse du froc logea la Vanité"
Discorde
"CHANT VI 393
Y"
Traîna
Vint
Infectant
Voulut
Dieu
Dieu
Où jamais au printemps les hivers
Consacra
Discorde
"Mollesse,
Foulant"
Usurpent
Où jadis des humains
"Sera de leurs combats le théâtre honteux !
"
i Saint Louis
Sainte-Chapelle
Viens aux yeux des mortels
Thémis
Chère
Église
Ton
Où le Ciel
Est
Veille au soin de ma gloire un homme
Ciel
Louis
M. de Lamoignon
Et l’orphelin
Allumèrent
auguste
"La Piété charmée
Sent renaître la joie"
"Ariste, qu’en tous lieux
Tu signales pour moi ton zèle"
Discorde
Remplissent
Demeure
CES
sixième chaiît
"Ilion.
Finissons."
Quand je songe
Demeure
auguste
Troublant
Cicéron
Cherche
Traîne
CHANT VI
Demeure
Boileau-Despréaux
PRÉFACES
Boileau
XZ I.
Notice
Discours au Roi
Y v T.
DISCOURS AU ROI
X.
Notice sur les Satires
DISCOURS SUR LA SATIRE
SATIRE
SATIRE II
Molière
SATIRE III
SATIRE IV
abbé le Vayer
SATIRE V.
marquis de Dangeau
SATIRE VI
SATIRE VII
SATIRE VIII
M. M
Sorbonne
LIBRAIRE
SATIRE IX
LECTEUR
SATIRE
SATIRE XL
Valincour
Satire
SATIRE XII
"Équivoque 179
ÉPITRES
Notice sur les Épîtres 193
Avis"
ËPÎTRE I.
ÉPÎTRE IL
ÉPÎTRE III
M. Arnauld
LECTEUR
ÉPÎTRE IV
Roi
M. de Guilleragues
ÉPÎTRE VI
M. de Lamoignon
ÉPÎTRE VII
Racine
ÉPÎTRE VIII
Roi
ÉPÎTRE IX
marquis de Seignelay
ÉPÎTRE X.
"Vers 259
"
ÉPÎTRE XI
ÉPÎTRE XII
Dieu
"ART POÉTIQUE
Notice sur l’Art"
CHANT I.
"CHANT II 305
CHANT III 313
CHANT IV 329
LE LUTRIN
Notice sur le Lutrin"
LECTEUR
Avis
"CHANT II 361
CHANT III 367
CHANT IV"
"CHANT V 381
CHANT VI 391
TOURS"
"Td
mspt
mm
« 
« t
sass^^sss
ifSs
lâfSB
IWP^
"
MAME ET
DCCC
"La fontaine
aie
Fables
DE
La fontaine ïoustrations"
vimar tours alfred mame
DCCC
Esope
"Monseigneur,
vous"
Esope
Monseigneur
oïi
Ésope
Sa Majesté
Monseigneur
invincible Monarque
l’Europe
Alexandre
Auguste
"Monseigneur, vous soupirez
pour la gloire"
Monseigneur
De la fontaine
X
Parnasse
Esope
Socrate
Platon
Socrate
Cébès
Socrate
Ciel
Socrate
Esope
Socrate
Phèdre
Avienus
PRÉFACE XI
Phèdre
Térehce
Quintilien
Quintilien
Socrate
"XII PRÉFACE
tion"
la Vérité
jDoint
Platon
Homère
République
Esope
Crassus
Parthes
Prométhée
"Petit
Monde"
Aristote
"Esope, ni"
France
"Esope, la fable"
Phèdre
Horace
Desperat
Fables
Esope
Troupe de qui l’histoire
Comptera
Te
"I
La cigale"
De mouche
LIVRE I
I
Intérêt
Nuit et jour
"Eh bien, dansez"
Ii le corbeau
Maître
LIVRE I
"FABLE II
Sans"
"Mon bon Monsieur,
Apprenez"
Vit
Jura
LIVRE I
FABLE IV
"Sp
.iÉS
"
SS
Tant les chiens faisaient bonne garde
"Gras, poli"
Quittez
"Cancres, hères et pauvres diables,
"
Dont
Portants
Flatter
Os
LIVRE I
"FABLE V
Sans parler de mainte caresse.
"
Chemin
Où vous voulez ?
"EN SOCIETE AVEC LE LION
La génisse, la chèvre"
LIVRE I
"FABLE VII
"
besace jupiter
vienne
voyez
"Ê
smsSiW^.
'"
Glosa
Dame baleine
Dame fourmi
Jupin
Lynx
Viii l’hirondelle
Gare la cage
Mangez
Les oiseaux
la chènevière
Arrachez
Ou soyez sûrs de votre perte
Prophète
Mauvaise graine
Attraperont
"Demeurez au logis, ou changez de climat"
LIVRE I
"FABLE VIII
Imitez le canard, la grue et la bécasse.
"
Troyens
"Cassandre
Ouvrait"
Maint oisillon
Invita
A
"Turquie
"
Rats
Achevons
"X
LE LOUP ET"
"L’AGNEAU
"
Un agneau
Et que la faim
"Votre Majesté
Ne"
POUR
"M. LE DUC DE LA ROCHEFOUCAULD
"
"Miroirs dans les logis, miroirs"
"Miroirs aux poches des galants,
"
Miroirs aux ceintures des femmes
LIVRE I
FABLE
Est
Tant de miroirs
"Maximes.
XII
"
ET LE DRAGON
"Grand Seigneur
Préférait, dit l’histoire"
l’Empire
Allemand
Me
Xiii
"Aliboron.
"
Turc
Hongrois
Un quart voleur
Simonide
Simonide
Matière infertile
De Castor et Pollux 
Castor et Pollux
Simonide
Tombe
melpomène
l’olympe
O
Mort !
Mécénas
Mort !
Ésope
Esope
Esope
Mécénas
"Un pauvre bûcheron tout couvert de ramée,
Sous le faix du fagot"
Gémissant
LIVRE I
FABLE
A
Loua
Trouva
LIVRE I
FABLE
En un vase
"J
Honteux"
Serrant
seine
A
Fit
Entendit
Plût
turcs
Caucase
Brave
Ëncor
Dont je
Part d’un bon naturel 
Résisté
Nord
K
CONSEIL TENU
I
"Rodilardus,
Faisait des rats telle déconfiture,
Que l’on n’en voyait presque"
Rodilard
Opina
Attacher
"Rodilard ;
"
Chose
LIVRE II
"FABLE I
"
Chapitres
Voire
Thémis
LIVRE II
"FABLE II
"
"Phèdre, et c’est en cela"
Iii
HélasI
Aveuglément
LIVRE II
"FABLE V
"
Jupiter
Mortellement
Un oiseau
Cruels humains
Fait si
LIVRE II
"FABLE VII
Ses petits ne"
jean lapin
jean lapin
Jupiter
Choque
Enlève jean lapin
Remplit
Jean
Jupiter
Hardi
LIVRE II
"FABLE VIII
Quand l’aigle"
Jupiter
Jupiter
Fit
Me
Fut
"FABLE VIII
Dans"
Fait résonner sa queue
Bat l’air
Va partout
ANE CHARGÉ
ÉPONGÉS ET
"DE SEL
"
Menait
vaux
Chassant
baudet
Camarade épongier
"grison
Firent"
"Que l’âne, succombant"
Agir
"X
Le lion"
Un rat sortit de terre
Montra
LIVRE II
"FABLE XI
"
Sire
Patience
Vénus
Point de pigeon
Homère
Hasard
"Providence ?
Or"
Xiii le lievre
Eh !
"En rêvant à cette matière,
Entend un léger bruit : ce lui fut un signal
Pour s’enfuir devers sa tanière.
"
Grenouilles
Grenouilles
Effraye
Un vieux coq adroit
Nous ne sommes plus
Paix générale
Apprendre
LIVRE II
FABLE
"Et notre vieux coq, en soi-même,
Se mit à rire de sa peur ;"
jupiter
"Un corbeau, témoin de l’affaire,
Et plus faible de reins,"
En voulut sur l’heure autant faire
"Un vrai mouton de sacrifice :
"
Gaillard
Pesait
Polyphème
Mal
LIVRE II
"FABLE XVI
XVI
"
Junon
Déplaît
Forme des sons aussi doux
Junon
"PAON SE PLAIGNANT A JUNON
i
m^
■3
Oiseau"
Toi
La corneille
Stentor
LIVRE II
FABLE
Dit l’âne
Ericor
LIVRE II
FABLE
esope
ésope
"grèce :
Lui seul"
Courent
LIVRE II
"FABLE XVIII
Que"
Y
Dé
Malvoisie
Les joyaux
Valets et bêtes de labeur
Petits et grands
esope
Phrygien
Alléguant
A
Paîraient
"M. D. M.
L’invention des arts"
Grèce
Racan
Malherbe
Horace
Disciples d’Apollon
M. de Maucroix
racan
malherbe
Oh là !
Jeune homme
Fait le veau
Trouve
Hé quoi !
baudet
Nicolas
"Jeanne,
Il"
LIVRE III
FABLE I
Mars
Amour
Ii
Messer Gaster
Gaster
"Chômons, c’est un métier"
Gaster
A
Enrichit
Distribue
Ménénius
ménénius
Crut
LIVRE III
FABLE III
Guillot
Guillot
Dormait
Chose
X
jempêché
Iv les grenouilles
Jupin
Gent
jupin
Jupin
LIVRE III
Garder
eri
Capitaine
Compère ?
Lève tes pieds
grimperai
"FABLE V
"
Mères et nourrissons
A
Sotte
marcassine
De la boîte
"Pandore,
Celui qu’à meilleur droit tout l’univers"
Vii
Honte ni peur
Altérait
Telles
Cuvèrent
"Un luminaire, un drap des morts.
"
Oh !
"Alecton,
Masquée, et de sa voix contrefaisant le ton,
"
Lucifer
enclôt
Quand l’enfer
Mes filles
Ni que d’en déloger
Hippocrate
"Travaille à demeurer : voilà sa toile ourdie,
"
Voilà des moucherons de pris
Point de coup de balai
"Cataplasmes, Dieu"
LIVRE III
"FABLE IX
"
"X
"
LIVRE III
FABLE
"ET LES RAISINS
Certain renard"
Mourant
Vivaient le cygne
Commensal du jardin ;
"Prit pour oison le cygne, et"
"LES LOUPS ET LES BREBIS
A
L’oiseau, prêt"
Ni d’autre part
LIVRE III
"FABLE XIII
Messieurs"
Etranglent
"Furent étranglés en dormant :
Cela fut sitôt"
Fut
Philomele
Philomèle
Thrace
Philomèle
Térée
Exerça
"En voyant les hommes, hélas !"
Demoiselle
La galande
Dieu
Grasse
LIVRE III
"FABLE XVI
"
Rodilard
Alexandre
"L’Attila, le fléau des rats"
Rendait
Vrai cerbère
LIVRE III
FABLE
La.mort
"Les souris étaient prisonnières,
Qu’elles"
Egratigné
Attrape
Blanchit
LIVRE III
FABLE
"mer
"
Amphitrite
A
Trafiqua
Corydon
"Tircis
Fut Pierrot"
Racheta
Laissaient
"mesdames les Eaux,
Dit-il"
Ma foi !
LIVRE IV
FABLE II
Ciel
"Lève une corne tout usée,
La"
Oh !
Dit le maître
si
"Se sauva sans grand travail ;
Mais les seigneurs sur leur tête
Ayant chacun un plumail,
Des cornes"
LIVRE IV
"FABLE III
Soit"
empanachée
Causer du retardement
Esquivent fort
Iv le singe
grecs
athènes
pline le dit
Athènes
Vaugirard
Rome
"Parlent de tout, et n’ont rien"
Sacrifices de boeufs
A
"FABLE VI
Le"
Vi le geai
"IV-,- FABLE VI"
A
cuide engeigner
Messire
"LA GRENOUILLE ET CB-TIAT
*mm ;"
galande
Un milan
Voit
A souper chair
Retourne
Ix
Renommée
Commandait
Assistés du cheval
Monseigneur
Econduire
Jupiter
"Où maint mouton cherchait sa vie ;
Séjour du frais, véritable patrie
Des zéphyrs."
Continuez
Jupiter
"X
"
"Ane, cheval, et mule, aux forêts"
Tant de selles
Tant de harnois
Que le cerf
LIVRE IV
FABLE
Xi
Ferma
Foin du loup
LIVRE IV
"FABLE XII
"
"Le loup, de fortune,"
Et les garde en sa mémoire.
Foin du loup !
Messer loup
Veaux
"Régiment de dindons, enfin bonne"
Remerciant
Vienne
Biaux chires
Mère tenchent chen lieux
socrate
Indignes
Plût
Telle
Socrate
ecoutez
phèdre enchérit
venons
Ciel
Dieu
apollon
Apollon
Apollon
Mort ou vif
diogène
LIVRE IV
"FABLE XVII 14:
Ne"
A
Eh !
A
Fut
Mes frères
Ni cerf
Dont
"MAITRE D’UN CHAMP
"
Esope
Monstres marins
Tigres
"Ecoutez bien : selon ce qu’il dira,
Chacun de nous décampera."
Sitôt
Nous vienne
Trouve
Retenez
"Voletant, se culebutant,
Délogèrent"
"I -^
I
LE"
"M. LE C. D. B. d
Votre goût"
Esope
Dont je ne me pique
Hercule
La sotte vanité
A Monsieur
Bouillon
Les agneaux aux loups
La mouche
Jupiter
jupiter
mercure
Jupiter
LIVRE V
"FABLE II
Est"
LIVRE V
"FABLE III
"
Fut
Un Tiens
"Tu l’auras :
L’un est"
Bannit
Daims
Craignit
LIVRE V
"FABLE IV
Adieu, voisin"
Mes oreilles
Cornes
Dit l’animal
Iront
Fut
Un jour que les renards
LIVRE V
"FABLE V
"
Téthys
"Phoebus aux crins dorés,
Tourets"
Un misérable coq
Allumait
Dormaient
Disaient
Maudit coq !
Gourait
Témoin
Charybde
Scylla
"Vil
"
Arrière
Souffle le chaud et le froid !
Un certain loup
Un loup
Aperçut
Bonne
Rusons
"Se dit écolier d’hippocrate ;
"
LIVRE V
Paître
Témoignait
Ix le laboureur
Fit
Remuez
Où la main
"X
"
Jetait
Crut
Paris
Titans
La Fortune
Pondait
Belle leçon
LIVRE V
FABLE
Broute
Petit serpent
Esope
Rustaud
Dit
Minerve
Adieu
hibou Dieu
"Rechignes, un air triste"
LIVRE V
FABLE
Fit
Point du
LIVRE V
"FABLE XX
Notre troupe sans eux ne serait pas complète ;
"
A
dindenaut
Flaire
Court
Eh bien !
"XXI
L’ane vêtu"
Découvrit
Martin
"Martin
Chassât"
LIVRE V
"FABLE XXI
"
France
"I
"
Phèdre
Esope
Esope
Y
Esope
O
"III
Phébus"
borée borée
"Iris
"
Latins
Dit Phébus
Se gorge de vapeurs
Fait un vacarme de démon
"Siffle, souffle, tempête et brise"
Maint toit
Le Vent
Sitôt
Le Soleil
Récrée
balandras
"LV
Jupiter"
metayer jupiter
mercure
Promit
"Jupiter
Le"
Jupiter
Tranche du roi des airs
Américains
"Pleine moisson, pleine vinée.
"
Monsieur
Jupiter
usa
Fut
Etat
bénin
Fit
amérique
En ai pris la fuite de peur
Servira
Vi
Aucuns
LIVRE VI
"FABLE VI
"
Tours
Passa dedans
"Sire, une cache,
Et ne crois pas"
"Votre Majesté.
"
LIVRE VI
"FABLE VII
207
Ne"
Dont
"Gambadant, chantant"
Me
"L4
LIVRE VI"
"FABLE IX
IX
Le cerf"
Louait
Souffrir
Dont
CERF
"DANS L’EAU
Mes pieds ne me"
Nuit à l’office
Que le Ciel
"X
"
Sitôt
Repartit
Sage
LIVRE VI
FABLE
Ni de quel juge l’on convint.
Croit
Furent vains : la tortue
Eh bien !
Xi l’ane
"Destin
De"
Je suis plus matineux
Belle
"Le Sort, de sa plainte"
Passe du jardinier
Eurent
le Sort
Ce baudet-ci
Le Sort
Jupiter
Noyait
Esope
Le Soleil
A
Styx
Ésope
Charitable
Un jour d’hiver
A
Aperçut
Fut
LIVRE VI
"FABLE XIV
Foi de lion"
"Contre la griffe tout autant.
"
Les renards
baudet
LIVRE VI
FABLE
Du baudet
Xvii
Esope
A
LIVRE VI
FABLE
Hercule
Ton bras
Hercule
Hercule
Tes chevaux
Fut
"Messieurs, un lourdaud, un animal"
Guindé la hart
"Cicérons
Vulgairement"
Le roi
Discorde
Avecque
Gens
Discorde
Renommée
Courait
Paix
Renommée
Esope
"Pilpay, sage"
Esope
Eriger
O
Olympe
Me
Dont vous
"Paroles et regards, tout est charme dans vous.
"
Ma muse
Dignes
La fable
Je croirai lui devoir un temple
"MALADES DE LA PESTE '
\~~"
I
Mal que le ciel
Inventa
"FABLE I
Pour moi"
Nulle
Eh bien !
Est-ce un péché ?
"Ce galeux, d’où venait tout le mal"
Manger
Ii le rat
Levantins
"Hollande
Se"
Dieu
A
Ratopolis
Attendu
Mes
"Iii le heron
"
Ma commère la carpe
Moi des tanches !
Mogol
Vous gâtez
Gange
Cultivait
Et le jardin
Peuple ami du démon
Cpmblait
Nonobstant
Firent
Norvège
Indou
Lapon
Rendre
Etrange
Verse
Mère du bon esprit
La Médiocrité
Sa Majesté
Ciel
Envoyant
Cour
Quel louvre !
grimace
plûton
Fut
Caligula
Que sens
Alléguant
vénus
"En dépeupla les bourgades, les champs.
"
Ou vous n’aurez
Six forts chevaux
"Femmes, moines, vieillards, tout était descendu :
L’attelage"
"COCHE ET LA MOUCHE
Une mouche"
Pique
"Et fait cent sottises pareilles.
"
Respirons
Çà
Cotillon
Comptait
Perrette
Va
En grand danger
le Pot
"FABLE VIII
Quel esprit"
Espagne
Pyrrhus
ET
ATTEND
"Fortune ?
"
Contempler
Pauvres gens !
valez
Fortune
Possédait
Fréquenter sur tout autre ;
La Fortune
La Fortune
Surate
Allons
Ames de bronze
Armé de diamant
Tourna
JDes
Ministres de la mort
Mogol
Japon
La Fortune
Demeure
Le Japon
mogol
Heureux
Et contre la Fortune
"ENVERS LA FORTUNE
"
le Sort
Atropos
"Neptune
Recueillirent"
"Fortune
Prenait soin"
Un vaisseau mal frété
Fut
"„ -
Rien"
Chose
"Fortune :
On"
le Destin
Paris
Gagne
"Femmes, filles, valets"
Au galetas 
Gagner
Jeannot
Dit
Ou je vais
La dame au nez
jean fils
"guillaume
Plutôt"
Paul
Jean
Pierre à Simon
Jean
"Raminagrobis.
"
"Un chat faisant la chattemite,
"
Arbitre expert
Jean
Sa Majesté
Grippeminaud
Grippeminaud
Mit
Tête
Parques
Ciel
FABLE XIII
Pieu
Le Ciel
Donnait
styx
etats
"LA LUNE
Pendant"
Développe le vrai caché sous l’apparence ;
Avecque
"Ni mon oreille, lente"
Naguère
Angleterre
Parut
Peuple
"François
Se"
Mars
"Victoire,
"
"FABLE XIV
Amante de louis"
"Filles de mémoire
"
Charles
"guerre
Signaler"
"Angleterre
A"
Auguste
"I
"
Bêlas !
Est
Fermer
Alléguez
La mort
Un joUr
LIVRE VIII
"FABLE I
Sans"
paris
france
Ton petit-fils
Remerciant
Gar
Ii le savetier
Merveille de l’ouïr 
Chantait
"Providence
N’eussent pas au marché fait vendre le dormir,
Comme le manger et le boire.
"
sire Grégoire
"Monsieur,
Dit"
Eh bien !
"Produit pour l’usage des gens.
"
"Si quelque chat faisait du bruit,
Le chat"
Iii le lion
"Un lion, décrépit, goutteux, n’en pouvant"
Alléguer
Manda
"FABLE III
Médecins au lion"
Veut
"Sire, dit-il"
Gens experts
Dont votre majesté
Le roi
Messire
Messieurs
"DE UA1ÎILLON
La"
l’europe
"Angleterre
Veuille"
Louis
Hercule
Parnasse
Athène
Courut
Cérès
Cria
Cérès
Grecs
Philippe
Athène
Si peau
Ciel
Doive
Olympe
Grecs
Troyens
Hercule
Jupiter
Crut
Sort du lit quand le jour
Un mâtin
"FABLE VII
Grand"
Voulut
"Point de courroux,"
Veut
dieu
Introduire
"Messieurs, un gros interroger ?
De dire si"
Va courir le pays
Sitôt
Caucase
taupinée
Téthys
Crut
Humait
Blanche
"X
L’ours"
Confiné par le Sort
Nouveau Bellérophon
"Flore,
Il l’était de"
Pomone
Quelque doux
Va chercher compagnie
Gascon
Est
Lyautre
Gomme l’ours
Mit l’ours
"FABLE XI
"
Casse
Raide mort
Monomotapa
Ce maudit songe
Xii
Montés
charton
Dom
Bonnes
criât
charton
Repartit
Crierait
Dom
Rugir
Tâchent
Peuple
Le cerf
Etranglé
"Salomon,
Est"
Chétif
Conversant
Laisse
FABLE
Amusez
France
Espagnols
Fussent
"FABLE XIV
Mais"
Abondait
Porte le poing sur l’innocente bête
Esculape
Dut
Eschyle
Mit
Passa
F
Laissa
Eschyle
"Nature
Se"
Jupiter
Jupiter
Agit différemment sur ces deux hommes-ci ?
Percer Mars
"Europe
Mérite"
Notre
Eschyle
Dont l’herbe
Point de chardon
FABLE
Notre baudet
Point de réponse ;
"Arcadie
Craignit"
Ta
Sort du bois
FABLE
"BASSA ET LE MARCHAND
"
mahomet
Quand les loups
A
Le Grec
Vêtus
Dieu
Eurent
La guerre
Mars
Dit
Remplissons
Habités
Mercure
Race
Jupiter
"Arbitres de notre sort,
Laissez,"
Et l’orage qui le
Alla
A Tisiphone
jura
"Pluton
Que"
Jupiter
Prit pied
styx
vulcain
Jean de Nivelle
"FAUCON ET LE CHAPON
 »
J
f « •"
Notre Manceau
Me
Gens
Triste oiseau le hibou
Dame belette
Hantaient
Sort
FABLE
Cher
Viens
En aurai-je ?
Envers
"Et la belette mangerai
Avec l’époux de la chouette :
Ils t’en veulent tous deux."
Me
"Dieu je te dois la vie ?
Et moi"
Ton naturel ?
Image d’un sommeil
Point de bords^
Styx
Allèrent
Fortifiant
"En l’autre l’altérant, un certain marmiton
Nomma"
Laridon
Fut
César
A
Tourne-broches
France
FABLE XXIV
Peuple antipode des Césars
ane mort les vertus
A
Soigneux
Témoin
Virent
Porte
"FABLE XXIV
Eh !"
Dit
Provision
"États !
Si je pouvais remplir mes coffres de ducats !
Si j’apprenais l’hébreu"
A mi-chemin
Mathusalem
Démocrite
Epicure
Démocrite le sage
"Abdère députa
Vers hippocrate"
A
Perd l’esprit : la lecture
Démocrites
"Enfants d’un cerveau creux, invisibles fantômes"
Hippocrate
Hippocrate
Cherchait
Dieu
Te combattrai-je
Jouis
Compagnon
Tente
Styx
Parque
Voit
Surcroît
Si je sais
FABLE
Témoin
I
Filles de mémoire
"Parle au chien dans mes ouvrages ;
Les bêtes,"
Y
Mainte
Souffrir
Esope
Homère
Un vrai menteur
"Un certain dépositaire
Payé"
Est
Perse
Mit
Mon fer ?
Un chat-huant s’en vint votre fils
Enlèvent
Europe
l’Afrique
Enchérir
"Changent un peu votre courage.
Encor, si la saison"
Attendez
Mes aventures à mon frère ;
Maltraita
Sèche du mieux
Voit
Fut
Vit
Crut
Prit
Traînant l’aile
Demi-morte
Droit au logis
Le roi
Pleine de taches
"Messieurs, je fais cent tours de passe-passe.
"
Mon voisin léopard
Gille
Cousin
Bertrand
Singe du pape
Faire des tours
Messieurs
"citrouille
Dieu"
Eh !
Garo
Dieu
"Garo
Que l’on a fait un quiproquo.
"
Un gland tombe : le nez du dormeur
Oh !
Dieu
garo
"V
L’ÉCOLIER"
LE PÉDANT ET LE MAITRE
Doublement sot
Et fleurs et fruits
"Flore.
"
Gâtait
Avant-coureurs des biens
Envoya
Pires
Accrut
Se souvînt
Virgile
Cicéron
Eut le temps de gâter en cent lieux le jardin
Et ne sais bête
"statue de jupiter
"
jupiter
Pygmalion
De la Vénus
Un des dupes
Dieu
Dit l’autre ;
Perrin Dandin
Perrin
Perrin
"carpillon fretin
"
LIVRE IX
"FABLE IX
Sans espoir"
Jà
"Votre Seigneurie
De"
Expédiant les loups
"X
Rien de trop je ne vois point de créature"
Veut
Pour.corriger
Dieu
Gâtèrent
Ciel
Ciel
Dont
zéphyrs
Enlevé
Maint cierge
Vaincre
Empédocle
Empédocle
Jupiter
Titans
Jupiter
Envoyant
"Pluton
Porter tes cent talents"
"Xiii le chat et le renard le chat et le renard, comme beaux petits saints,
S’en allaient en pèlerinage"
Croquant
En sais
Fouille
"FABLE XIII
Cherche"
Genre de mort
Fut
"Laisse là le licou, s’en retourne"
Ou de corde
Fut
Thésaurisant
Fortune
Bertrand
"Raton, l’un singe"
Commensaux
Bertrand
Bertrand
Raton : Frère
Ecarte
Bertrand
Vont
rossignol
Térée
Me
milan
Robin
Me
"Robin mouton !
Quand"
Guillot
Robin
LIVRE IX
FABLE
Foi de peuple d’honneur
robin
guillot
Haranguez
I
DISCOURS
Où le hasard
Flore
Ouï
Mainte
Descartes
Descartes
"Créateur,
J’ai le don de penser, et je sais que je pense.
"
Iris
Descartes
Dignes
Voit
Attirant le chasseur
Détourne le danger
Maint maître
république de platon
Est
du Nord
Corps de garde
Fille du Styx
"Exercent de ces animaux
"
Achéron
Rendre Homère
"Epicure,
Que dirait ce dernier"
Obéir
"Divinité ;
Et"
Descartes
Iris
Dont je viens
Rencontre
"Ou le rouler, ou le tramer,
C’était chose impossible"
Quintessence
A
Suivrait
Entrerait
Choses
Les ténèbres de la matière
A
Symbole des ingrats !
Dit au serpent :
Croyons
Cérès
Achetaient
"Ou des fleurs au printemps, ou des fruits en automne,
L’ombre l’été, l’hiver les plaisirs du foyer.
"
Voulut
Parler
Iii la tortue
Volontiers
Volontiers
Communiqua
Amérique
Maint royaume
Ulysse
Ulysse
Serrez
Miracle !
"Iv les poissons et le cormoran
Il n’était point d’étang"
Viviers
Eut glacé le pauvre animal
Souffrait
Cormoran
Porter
A
Dieu
Nature
Inconnu des traîtres humains
LIVRE X
FABLE IV
Me
"Apprends de moi cette leçon :
"
Otent
Pensa
"VI
Le loup"
Fit
Jupiter
Angleterre
Que du loup
Pour un mouton
Dont
Eh bien !
Paissons
Mangeant
Oh !
LIVRE X
"FABLE VII
"
Thibault
Manger
araignee
0 Jupiter
Par un secret d’accouchement
"Tirer Pallas, jadis mon ennemie,
"
Miennes
Philomèle
bégayante
Demandaient
enqor
Jupin
état
A
Jupiter
Ix
Mutilé
"Mouflar, jeune"
Mouflar
A
Chien hargneux
Témoin maître Mouflar
Un loup
Voilà notre berger
Et notre ermite
"Un serpent engourdi de froid
Vint"
Mille
Mainte
Furent suspects
Louanges du désert
Doux
Un petit grain d’ambition ?
De ces oiseaux
Fait qu’en fureur
Le roi
Encor que ma douleur
Sort
Parque
Me
Règle
Ou dans quelque forêt
Sire roi
Mère
Un mot sans plus ;
hercule
Seigneur
Propre
Rencontre
Veut vendre
Encor
Sixte
Fortune
"En mille occasions comme les animaux :
Le roi de ces gens-là"
A
Précipite
Soit lorsque le soleil
Jupiter
Olympe
Un lapin
Plus gais
Joignons
Piller
Fait honneur
la France
Pouvoir
Rome
Ciel
Amérique
Inde
Dont
Empêcha
Force boeufs
Force moutons
Vieux routier et bon politique
lionceau
Le lionceau
Sonne
Consulté là-dessus
Apaisez
Sauvez
Ii le fermier
Le loup et le renard
Hé quoi !
Jupin
Olympe
Styx
Roulant
Poules
Commit
Parurent
Apollon
Joncha
Ajax
LIVRE XI
"FABLE II
Croyant"
"Ulysse
"
Ajax
Ah ! maudit
Que n’avertissais-tu
Dormez
LIVRE XI
"FABLE III -ioà
"
Mogol
Minos
"Voulant apprendre la morale,
Se"
Fut
Etat
Amour-propre 
Vouloir
auguste
Mieux su des ignorants que des gens de savoir
auguste
A
Que le Ciel
"Excellences,
S’ils osaient, en des majestés"
Votre Majesté
Regardait
v le loup
Esope
Quand le loup
A
Puisaient
De l’astre
Sire renard
LIVRE XI
"FABLE V
Passe par là"
Faune
Jupiter
Reprendrait
Descendez
Le loup
Reguinde
Me
Le bon Socrate
Esope
Danube
"Marc-Aurèle
Nous"
Représentait
sayon
Danube
"Romains
Ne pénétrât"
Romains
Veuillent
Témoin
Rome
Romains
Ciel
Nos esclaves
valez
Rome
Font
Cultiver pour eux les campagnes.
Rome
germains
Gens
Rome
Admire
rome
Disaient
Quittez
Repartit
Parques
Eh bien !
Amérique
Mars
S
atropos
"LES SOUniS ET LE CHAT-HUANT
Et de son bec"
estropia
Vivres
Chose
Aristote
Noie de la Fontaine
Epilogue
Truchement
Favoris des
neuf Soeurs
Louis
Europe
Favoris des
neuf Soeurs
Vainqueurs du temps
"duc de bourgogne
Monseigneur"
Apollon
Muses
Parnasse
"Je ne m’étendrai pas
davantage là-dessus : vous voyez mieux que moi le profit qu’on
en peut tirer."
Alexandre
Monseigneur
"ulysse
A"
Ulysse
Erraient
Ulysse
Prit
Ulysse
Grecs
Ulysse
Chers amis
"Itaque ?
Tu me rendras peut-être encor simple soldat :
Je ne veux point changer d’état"
Ulysse
Reprit l’ours
Te déplais-je ?
"Conte aux échos les appétits gloutons
Qui t’ont fait manger ses moutons.
"
Toi
Mangé
Ulysse
Ulysse
Gens
Fut
Maître
Pierrot
Raton
Le moineau du voisin
Les moineaux
"Ampliitrite
Défendait"
mécompte
Jetait
Permettait
dom Bertrand
Dom Bertrand
"Détachait du monceau, tantôt quelque doublon,
"
"Un jacobus, un ducaton,
Et"
Eprouvait
Dieu
"Un rocher, quelque mont"
"FABLE IV
Deux chèvres"
Quittèrent
"Pose un pied sur la planche, et l’autre en fait autant :
Je m’imagine voir,"
Louis le Grand
Philippe
Dont Polyphème
"Galatée,
Et l’autre la chèvre amalthée,
Par qui fut nourri"
Jupiter
Crut
"Raminagrobis :
Laissez-moi vivre ;"
"Chat, et vieux, pardonner !"
Haranguer
"FABLE VI
VI
Le cerf"
Incontinent
Accourt
Eh !
Parque
"Point du tout : les consolateurs
De ce triste devoir"
Dieu
CERF
Médecins du corps et de l’âme !
Vont
Alla
Tartare
"FABLE VII
"
Prêts
En des trous
"Ni buisson, ni canard, ni dans tel cas tombé ;"
"ET CELLE DES CHATS ET DES SOURIS
"
"FABLE VIII
Autrefois un logis plein de chiens"
Vit
Edifiait
Fit
"Les guetta, les prit"
Dieu
"Renvoyer chez les barbacoles.
IX
Le loup et le renard
D’où"
Un prince en fable
"Ni tous ni si bien exprimés :
Sa louange"
Me
Demanderont
Essayons
Allons
Répétait
Achille
Patrocle
"Prince, ma muse"
"Le dialogue et la morale.
"
"X
L’écrevisse"
Cent dieux
Jupiter
Louis
Entraîner
Mère
"FABLE XI
En"
Margot
Traversaient
La
Caquet-bon-bec
"Horace,
Disant le bien, le mal"
Dieu
Caquet-bon-bec
Margot
Au coeur tout différent
"A S. A. S. M. LE PRINCE DE CONTI
Comme"
Achille
Fut
Mille
Hymen
Ciel
Voulut
Bourbon
Sa Majesté.
Le roi
Hâter
Nicherait
Tâcher
Elèvent
Coupables
Pilpay
gange
Troie
Pythagore
Monarque
Jupiter
"Quand Vulcain, clopinant"
"FABLE XIII
"
herisson
Renard
Ciel
Voulut
Voisin
Aristote
"DE LA SABLIÈRE
La gazelle, le rat, le corbeau, la tortue"
Assurait
"Haut des airs,
Vous n’éviterez point ses embûches"
Vint
Prise au piège
gazelle
Maudissant
Coupe les noeuds du lacs : on peut penser la joie
Aperçoit
"Contrefait la boiteuse, et vient"
"Rongemaille,
Autour des noeuds du sac"
Dont
Xvi
Vit
Repartit
Fortune
us
Mal
Vouloir
Eut
Feignit
Arlequin
FABLE
"Corrigeant partout la nature,
Excessive"
Scythe
Conseille
Lunes
Désirs
jupiter
Jupiter
Gille
Gille
FABLE
Gille
Va
Son
Jupiter
"Un assez beau combat de son trône suprême :
Toute sa cour"
Eléphantide
Repartit
Gille
Vois
Amorcé
Maint estafier
Xxi
"MADAME HARVEY
"
jupiter
Anglais
Creusant
Vos renards
Mit
"Annibal,"
Romains
Met
A
Remplirent
maint basset
Maître
Anglais
Guerre
"Enfants de la bonne fortune,
"
Firent
Contre l’oeil de la nature
"Ambassades coassantes
Allaient"
"Etats :
A"
Roulait
Dure
Grenouilles
"république aquatique
Pourrait bien"
Ja
Dont
"Ni coup de dent ni coup de patte.
Dame"
Ma foi !
A
"Où maints rats assemblés
Faisaient, aux frais de l’hôte, une entière bombance.
"
Gronde et marche
"HOSPITALIER ET LE SOLITAIRE
Trois saints également jaloux"
rome
Affligés et contraints
Vont
Majesté
Troublez
Agitez
Mes frères
"FABLE XXIV
"
Que le malheur
"O
L’Aigle"
Escarbot
L’Aigle
L’Aigle
Laie
Gliatte
L’Aigle
Pie
Alouette
"Petits,"
"Maître
d’un champ"
Amis.
L’Ane chargé d’épongés
"Ane chargé
de sel"
L’Ane et le Chien
L’Ane
Chien
L’Ane
Maîtres.
L’Ane
L’Ane vêtu de la peau
Lion
Un Animal
Lune
Les Animaux malades de la peste
L’Araignée
X
L’Astrologue
L’Avantage de la science
Avare
IV
Aventuriers et le Talisman.
Bassa
La Belette
Le Berger
Mer
Le Berger
Roi
X
Le Berger
La Besace
I
Le Bûcheron
Mercure
Le Cerf
Le Cerf
Le Cerf
Le Chameau et les Bâtons
Le Charlatan
Le Chartier
"Le Chat, la Belette"
Le Chat
Moineaux
Le Chat et le vieux Rat
Le Chat et le Rat
Le Chat et le Renard
Chat et la jeune Souris.
La Chauve
La Chauve
"Canard.
XII"
Le Chêne
Roseau
I
Le Cheval
"Cerf.
IV"
Le Cheval et l’Ane
Le Cheval et le Loup
Le Chien
X
Le Chien
Le Chien qui porte
Chiens et l’Ane mort
Le Cierge.
La Cigale
Le Coche
la Mouche
Le Cochet
Chat et le Souriceau.
"Le Cochon, la Chèvre"
"Mouton.
VIII"
La Colombe
Le Combat des Rats et des Belettes.
IV
Les Compagnons d’Ulysse.
Conseil
Rats.
Le Coq
Perle
I
Le Coq
Renard
"Le Corbeau, la Gazelle, la Tortue"
Rat
Le Corbeau
Aigle
Le Corbeau et le Renard
Cour du Lion
Le Cygne
Cuisinier
Démocrite
Abdéritains
Dépositaire
Les Devineresses
La Discorde
Dragon
Dragon
I
"L’Écolier, le Pédant"
Maître
Écrevisse
Fille.
L’Éléphant et le Singe de Jupiter
L’Enfant et le Maître
I
Enfouisseur
Compère.
X
Le Faucon
Chapon
Les Femmes et le Secret.
"Le Fermier, le Chien et le Renard"
La Forêt et le Bûcheron. XII
La Fortune
Enfant.
Le Fou
Un Fou et un Sage
IX
Les Frelons et les Mouches
Le Geai
Paon.
Chèvre
Brebis
I
Le Gland
Goutte
La Grenouille
Boeuf
La Grenouille
Les Grenouilles
"Ro'i.
III"
Le Héron
Hirondelle
Oiseaux
L’Homme et la Couleuvre.
L’Homme et la Puce
"S.
L’Homme et son Image."
I
L’Homme et l’
Idole de bois
IV
"S.
"
"Fortune, et
l’Homme"
Huître
Plaideurs.
L’Ingratitude
"Injustice des Hommes
envers la Fortune"
L’Ivrogne
Le Juge arbitre
Hospitalier
"Solitaire.
XII"
Jupiter
Métayer
Jupiter
Jupiter
Tonnerres
Le Laboureur
Enfants.
La Laitière et le Pot
Les Lapins.
La Lice
II
Le Lièvre
Le Lièvre
Le Lièvre
La Ligue des Rats.
Le Lion.
Le Lion
Le Lion devenu vieux
Le Lion malade
Renard
Le Lion
Le Lion et l’
Ane
Le Lion et le Chasseur.
"Le Lion, le Loup"
Renard
Le Lion et le Moucheron
Le Lion et le Rat
"Le Lion, le Singe"
Anes.
La Lionne
Ourse
Le Loup et l’Agneau
I
Le Loup
Le Loup et les Bergers.
X
Le Loup et le Chasseur.
Le Loup
Le Loup
Chien maigre
IX
"Le Loup, la Chèvre"
Chevreau
Le Loup et la Cigogne
"Le Loup, la Mère et l’Enfant."
Le Loup
Renard
Singe
Le Loup et le Renard
Les Loups et les Brebis.
"Le Marchand, le Gentilhomme, le Pâtre
et le Fils du Roi"
X
Les Membres
Estomac
"Le Meunier, son"
Fils et l’Ane
Milan
Rossignol
Milan
Roi
le Chasseur.
La Montagne
La Mort et le Bûcheron
I
La Mort et le Malheureux
Le Mort et le Mourant
Le Mulet
Les Obsèques de la Lionne
OEil du Maître
L’Oiseau
Autour
Oracle
Les Oreilles du Lièvre
L’Ours et l’Amateur des jardins
L’Ours
Le Paon
Junon
Parole de Socrate
Le Pâtre et le Lion
Le Paysan du Danube
Poisson et le Pêcheur
La Perdrix et les Coqs
Roi
"Fils.
X"
Phébus
Borée
Philomèle
Progné.
Le Philosophe
Les Poissons
Cormoran
Le Pot de terre
Pot de fer
La Poule aux oeufs d’or
Le Pouvoir des Fables
"La Querelle des Chiens et des Chats, et
celle"
Chats et des Souris.
"S.
Le Rat"
Le Rat et l’Éléphant
Le Rat
Huître
Le Rat de ville
Rat des champs
I
Renard
X
Le_Renard
Le Renard anglais
Le Renard et le Bouc
Le Renard et le Buste
Le Renard et la Cigogne
I
"Le Renard, le Loup et le Cheval"
"Le Renard, les Mouches"
Le Renard
Poulets d’Inde
"Le Renard, le Singe et les Animaux.
VI"
IX
Le Rieur
Poissons
Le Satyre et le Passant
Le Savetier et le Financier
Le Serpent et la Lime
Simonide
I
Le Singe et le Chat.
Le Singe et le Dauphin
IV
Le Singe et le Léopard
Le Soleil
Le Songe
Mogol
Les Souhaits.
Les Souris et le Chat-Huant
Le Statuaire
Statue de Jupiter
Taureaux
II
Esope.
La Tête et la Queue du Serpent
Le Thésauriseur
Le Torrent et la Rivière
La Tortue
Canards.
X
Le Trésor
Tribut
Alexandre
Les Vautours
Le Vieillard
Ane
Le Vieillard
Enfants.
Le Vieillard
La Vieille
Le Villageois
Serpent
Les Voleurs et l’Ane
I
Tours
"À
te
iiïilaff
tpts
y*
tmm
>f*\"
"M
KppJHpl
i
s- V ?
K v ' ' ' ~XJJ> &:mi  J ^"
I
I
